,SearchTerm,BusinessName,UBINumber,BusinessId,Address,address_match,ubi_match,id_match,IsMatch
0,9620 STONE AVENUE NORTH LLC,"9620 STONE AVENUE NORTH, LLC",601 973 182,215646,"9620 STONE AVE N, SUITE 201, SEATTLE, WA, 98103-3378, UNITED STATES",False,False,False,
1,DUBLINER BUILDING LLC,DUBLINER BUILDING LLC,602 987 614,665653,"720 SENECA ST STE B, SEATTLE, WA, 98101-3265, UNITED STATES",False,False,False,
2,FREMONT BUILDING LLC,FREMONT BUILDING LLC,603 443 810,219178,"619 N 35TH ST STE 201M, SEATTLE, WA, 98103-8687, UNITED STATES",False,False,False,
3,GREENWOOD 85TH STREET LLC,GREENWOOD 85TH STREET LLC,603 249 384,239879,"8623 PALATINE AVE N, SEATTLE, WA, 98103-3690, UNITED STATES",False,False,False,
4,SWL LLC,(SWL) SEATTLE WOMEN IN LEATHER,603 338 611,596176,"12345 LAKE CITY WAY NE, # 179, SEATTLE, WA, 98125, UNITED STATES",False,False,False,
5,SWL LLC,100TH ST SW LAKEWOOD PROPERTY LLC,604 454 094,1281734,"4046 100TH ST SW, LAKEWOOD, WA, 98499-4310, UNITED STATES",False,False,False,
6,SWL LLC,"107-109 LAKE LOUISE DR SW LAKEWOOD, LLC",604 822 149,1501137,"3225 MCLEOD DR STE 100, LAS VEGAS, NV, 89121-2257, UNITED STATES",True,False,False,
7,SWL LLC,"11007 WAUNA ST SW LAKEWOOD, LLC",604 815 275,1501060,"3225 MCLEOD DR STE 100, LAS VEGAS, NV, 89121-2257, UNITED STATES",True,False,False,
8,SWL LLC,"1405 SW LAUREL, LLC",604 694 698,1421428,"1113 NE 89TH AVE, VANCOUVER, WA, 98664-2482, UNITED STATES",False,False,False,
9,SWL LLC,"194TH STREET SW LYNNWOOD, LLC",601 944 850,61744,"130 FOURTH AVE N, EDMONDS, WA, 98020, UNITED STATES",False,False,False,
10,SWL LLC,3209 204TH ST SW LYNNWOOD LLC,604 602 640,1355374,"1808 243RD PL SE, BOTHELL, WA, 98021-8880, UNITED STATES",False,False,False,
11,SWL LLC,"340 SW LEWIS STREET, LLC",602 780 599,92937,"2558 R W JOHNSON BLVD SW # 14, TUMWATER, WA, 98512-6113, UNITED STATES",False,False,False,
12,SWL LLC,"5630 200TH SW LYNNWOOD, LLC",604 645 764,1383649,"3225 MCLEOD DR STE 100, LAS VEGAS, NV, 89121-2257, UNITED STATES",True,False,False,
13,SWL LLC,6124 88TH ST SW LAKEWOOD LLC,604 750 037,1452055,"6124 88TH ST SW, LAKEWOOD, WA, 98499-2601, UNITED STATES",False,False,False,
14,SWL LLC,"6412 PATTON AVE SW LAKEWOOD, LLC",604 822 142,1501127,"3225 MCLEOD DR STE 100, LAS VEGAS, NV, 89121-2257, UNITED STATES",True,False,False,
15,SWL LLC,909 SW LANGSTON ROAD LLC,604 137 048,15506,"169 19TH AVE, SEATTLE, WA, 98122, UNITED STATES",False,False,False,
16,SWL LLC,"9821-9823 NORTHGATE RD SW LAKEWOOD, LLC",604 822 147,1501135,"3225 MCLEOD DR STE 100, LAS VEGAS, NV, 89121-2257, UNITED STATES",True,False,False,
17,SWL LLC,"9908 MEADOW RD SW LAKEWOOD, LLC",604 824 245,1504690,"3225 MCLEOD DR STE 100, LAS VEGAS, NV, 89121-2257, UNITED STATES",True,False,False,
18,SWL LLC,"BARBARA JO HINSZ, MSW, LICSW, PLLC",604 227 221,1185821,"17934 23RD LN NE, 201, SHORELINE, WA, 98155-3957, UNITED STATES",False,False,False,
19,SWL LLC,BSWLIMITED LLC,604 987 456,1611226,"1122 NW 46TH ST, SEATTLE, WA, 98107-4632, UNITED STATES",False,False,False,
20,SWL LLC,"CARMINA CHANG MSW LICSW, PLLC",604 291 282,1219365,"6092 OSPREY CIR, BREMERTON, WA, 98312, UNITED STATES",False,False,False,
21,SWL LLC,"CARRIE POPE, MSW, LICSW, PLLC",604 180 544,598305,"5464 COLES RD, LANGLEY, WA, 98260-9508, UNITED STATES",False,False,False,
22,SWL LLC,"CATHERINE M PATTERSON, LCSW, LICSW, CCM, PLLC",604 457 357,1293413,"2013 SE 164 AVENUE, VANCOUVER, WA, 98683, UNITED STATES",False,False,False,
23,SWL LLC,"CHARITY M. MILES, MSW, LICSW, PLLC",604 919 715,1562582,"1105 113TH ST S, TACOMA, WA, 98444-4003, UNITED STATES",False,False,False,
24,SWL LLC,"CLARA LEE MSW, LICSW, PLLC",603 195 801,78340,"1611 116TH AVENUE NE, SUITE 222, BELLEVUE, WA, 98004, UNITED STATES",False,False,False,
25,SWL LLC,"COLEEN CARMEN MORENO, LICSW, LCSW, PLLC",604 875 769,1539509,"2210 W MAIN ST STE 107411, BATTLE GROUND, WA, 98604-4236, UNITED STATES",False,False,False,
26,SWL LLC,"DANIELA BAUMGARTHUBER, MSW, LICSW, PLLC",604 631 616,1369825,"1752 NW MARKET ST, #4740, SEATTLE, WA, 98107-5264, UNITED STATES",False,False,False,
27,SWL LLC,"DAVID VANDEGRIFT MSW, LICSW, LLC",602 593 591,655134,"19251 135TH ST SE, MONROE, WA, 98272-7897, UNITED STATES",False,False,False,
28,SWL LLC,"DSW LENDING, LLC",602 252 337,151819,,False,False,False,
29,BLUEPRINT 3414 LLC,"BLUEPRINT 3414, LLC",604 889 568,1545307,"4147 CALIFORNIA AVE SW, SEATTLE, WA, 98116-4191, UNITED STATES",False,False,False,
30,SATURN BUILDING LLC,SATURN BUILDING LLC,602 690 531,421411,"8 BOSTON ST STE 1, SEATTLE, WA, 98109-2361, UNITED STATES",False,False,False,
31,M&G INVESTMENT & FINANCING CO,"M AND G INVESTMENT AND FINANCING, CO.",601 270 173,825260,"2016 N 78TH ST APT 1, SEATTLE, WA, 98103-4980, UNITED STATES",False,False,False,
32,MARINER SQUARE L L C,"MARINER SQUARE INVESTMENTS, LLC",602 255 045,1131542,"1111 CLEVELAND AVE, STE 203, MOUNT VERNON, WA, 98273-4229, UNITED STATES",False,False,False,
33,MARINER SQUARE L L C,MARINER SQUARE OWNERS ASSOCIATION,602 312 945,817758,"20324 19TH AVE NE STE B, SHORELINE, WA, 98155-8207, UNITED STATES",False,False,False,
34,MARINER SQUARE L L C,MARINER SQUARE SILVERCITY LLC,604 722 253,1436841,"3409 NW CARLTON ST, SILVERDALE, WA, 98383-8325, UNITED STATES",False,False,False,
35,MARINER SQUARE L L C,"MARINER SQUARE, LLC",601 886 997,853303,"2001 WESTERN AVE STE 330, SEATTLE, WA, 98121-2133, UNITED STATES",False,False,False,
36,PHINNEY NEIGHBORHOOD ASSOCIATION,PHINNEY NEIGHBORHOOD ASSOCIATION,600 444 685,892266,"6532 PHINNEY AVE N, SEATTLE, WA, 98103, UNITED STATES",False,False,False,
37,TRIAD INVESTMENTS CO INC,"TRIAD INVESTMENT CO., INC.",600 633 125,311429,"11614 63RD STREET CT E, PUYALLUP, WA, 98372-2857, UNITED STATES",False,False,False,
38,TRIAD INVESTMENTS CO INC,TRIAD INVESTMENT CORPORATION DBA THE FRANK B. WEISS COMPANY,601 680 451,998382,,False,False,False,
39,TRIAD INVESTMENTS CO INC,"TRIAD INVESTMENT GROUP, LLC",602 638 602,1036769,"624 BAY ST, PORT ORCHARD, WA, 98366, UNITED STATES",False,False,False,
40,TRIAD INVESTMENTS CO INC,"TRIAD INVESTMENT MANAGEMENT, LLC",604 362 956,1249802,"195 NE GILMAN BLVD STE 101, ISSAQUAH, WA, 98027-2940, UNITED STATES",False,False,False,
41,KIM ED,AKI MEDICAL STAFFING AGENCY L.L.C,604 316 230,1222272,"6216 S 153RD ST, TUKWILA, WA, 98188-2594, UNITED STATES",False,False,False,
42,KIM ED,"AKIMA CENTERRA INTEGRATED SERVICES, LLC",604 905 680,1558186,"2553 DULLES VIEW DR STE 700, HERNDON, VA, 20171-5228, UNITED STATES",False,False,False,
43,KIM ED,CASCADIA WIKIMEDIANS USER GROUP,603 484 723,600240,"520 KIRKLAND WAY, ATTN: PATTY HENRY, KIRKLAND, WA, 98033-6256, UNITED STATES",False,False,False,
44,KIM ED,"CHRISTIE KIM LEE, DMD, PLLC",604 004 257,108646,"6536 55TH AVE NE, SEATTLE, WA, 98115-7825, UNITED STATES",False,False,False,
45,KIM ED,"DR. KIM'S TOTAL MEDICAL CARE, P.S.",602 609 736,659357,"18623 HIGHWAY 99 STE 230, LYNNWOOD, WA, 98037-4552, UNITED STATES",False,False,False,
46,KIM ED,"ELKI MEDIA, INC.",602 796 762,143873,"22129 138TH AVE SE, SNOHOMISH, WA, 98296, UNITED STATES",False,False,False,
47,KIM ED,GRABINSKI MEDICAL PLLC,604 873 245,1534148,"320 DEWEY PL E, SEATTLE, WA, 98112-4831, UNITED STATES",False,False,False,
48,KIM ED,"HERKIMER MEDIA, LLC",604 593 340,1351496,,True,False,False,
49,KIM ED,JEAN KIM FOUNDATION FOR THE HOMELESS EDUCATION,603 528 204,250361,,True,False,False,
50,KIM ED,"JEROME T. DOMZALSKI MEDICAL, PLLC",605 001 245,1618560,"1901 CORNWALL AVE STE 1153, BELLINGHAM, WA, 98225-3659, UNITED STATES",False,False,False,
51,KIM ED,"JOSEPH KIM DDS, DANIEL LEE DDS & JOHN HODGES DDS, PLLC.",604 985 860,1609645,"27015 169TH PL SE UNIT 101, COVINGTON, WA, 98042-5574, UNITED STATES",False,False,False,
52,KIM ED,"KIM AND PARK CERTIFIED PUBLIC ACCOUNTANTS, PS",602 435 528,810442,"22727 HWY 99 #201, EDMONDS, WA, 98026, UNITED STATES",False,False,False,
53,KIM ED,"KIM DEAN COUNSELING AND MEDIATION, PLLC",604 342 465,1250007,"15915 68th Ave SE, Snohomish, WA, 98296, UNITED STATES",False,False,False,
54,KIM ED,"KIM EDWARDS, LLC",604 760 651,1460372,"8903 KEY PENINSULA HWY NW, LAKEBAY, WA, 98349-9326, UNITED STATES",False,False,False,
55,KIM ED,KIM ELDRED PLLC,604 593 470,1348581,"9557 NAPLES ST SE, MOSES LAKE, WA, 98837-9096, UNITED STATES",False,False,False,
56,KIM ED,"KIM FROST RECRUITING & RETAINED SERVICES, LLC",603 043 079,780812,"8917 FAUNTLEROY WAY SW, SEATTLE, WA, 98136-2443, UNITED STATES",False,False,False,
57,KIM ED,KIM FULCHER MEDIA LLC,604 973 764,1599252,"32 BEAN RD, WINTHROP, WA, 98862-9137, UNITED STATES",False,False,False,
58,KIM ED,KIM HOPE DESIGN LLC,604 801 693,1491328,"17053 44TH AVE NE, LK FOREST PK, WA, 98155-5504, UNITED STATES",False,False,False,
59,KIM ED,"KIM MARINE DOCUMENTATION, INC.",600 441 330,796028,"180 NICKERSON ST STE 212, SEATTLE, WA, 98109-1631, UNITED STATES",False,False,False,
60,KIM ED,KIM S. WHITTED LLC,602 931 014,302983,"4403 1/2 SW 101ST ST, SEATTLE, WA, 98146, UNITED STATES",False,False,False,
61,KIM ED,"KIM TORP-PEDERSEN, LLC",602 493 365,795325,"13687 NE VILLAGE SQUARE DR APT F317, WOODINVILLE, WA, 98072-8394, UNITED STATES",False,False,False,
62,KIM ED,KIM WEED CONSULTING LLC,604 291 856,1212765,"25025 SE KLAHANIE BLVD, E102, SAMMAMISH, WA, 98029-7747, UNITED STATES",False,False,False,
63,KIM ED,KIM WYLDE DESIGN LLC,604 874 746,1537292,"11332 NE 50TH PL, KIRKLAND, WA, 98033-7701, UNITED STATES",False,False,False,
64,KIM ED,KIMANI AND KEEYS PRIVATE CULINARY EDUCATORS LLC,604 088 435,796076,"2420 177TH STREET EAST, TACOMA, WA, 98445, UNITED STATES",False,False,False,
65,KIM ED,KIMBA MEDICAL VENTURES LLC,603 070 953,789241,"9615 NE 14TH STREET, BELLEVUE, WA, 98004, UNITED STATES",False,False,False,
66,2203 EASTLAKE AVE EAST LLC,2203 EASTLAKE AVE EAST LLC,603 339 430,61550,"612 7TH AVE S, EDMONDS, WA, 98020-3411, UNITED STATES",False,False,False,
67,MABEL H SMITH FAMILY LLC,MABEL H. SMITH FAMILY LLC,603 563 733,843429,"15222 NE 195TH ST, WOODINVILLE, WA, 98072-6480, UNITED STATES",False,False,False,
68,EAST APARTMENTS LLC,BRIDGEWAY EAST APARTMENTS LLC,604 032 563,79130,"1275 W COLLEGE AVE, SPOKANE, WA, 99201-2030, UNITED STATES",False,False,False,
69,EAST APARTMENTS LLC,"CASCADIAN EAST APARTMENTS, LLC",603 562 708,608246,"33316 SE 34TH ST, WASHOUGAL, WA, 98671, UNITED STATES",False,False,False,
70,EAST APARTMENTS LLC,"COURTYARD EAST APARTMENTS, LLC",604 957 836,1588670,"21550 E INDIANA, LIBERTY LAKE, WA, 99019, UNITED STATES",False,False,False,
71,EAST APARTMENTS LLC,"EAST APARTMENTS, L.L.C.",602 320 038,662096,"219 E GARFIELD ST STE 600, SEATTLE, WA, 98102-3785, UNITED STATES",False,False,False,
72,EAST APARTMENTS LLC,EAST BAY HARBOR CONDOMINIUM ASSOCIATION OF APARTMENT OWNERS,601 150 162,674347,"8617 MARTIN WAY E, LACEY, WA, 98516-5805, UNITED STATES",False,False,False,
73,EAST APARTMENTS LLC,"EAST CHERRY STREET APARTMENTS, LLC",602 961 119,1111193,"1808 S 118TH ST APT 408, APT 408, SEATTLE, WA, 98168-1267, UNITED STATES",False,False,False,
74,EAST APARTMENTS LLC,"EAST EVERGREEN APARTMENTS II, LLC",604 302 048,1215743,"30050 SW TOWN CENTER LOOP W, SUITE 200, WILSONVILLE, OR, 97070-7596, UNITED STATES",True,False,False,
75,EAST APARTMENTS LLC,"EAST EVERGREEN APARTMENTS, LLC",604 116 725,1111200,"30050 SW TOWN CENTER LOOP W, SUITE 200, WILSONVILLE, OR, 97070-7596, UNITED STATES",True,False,False,
76,EAST APARTMENTS LLC,EAST GREENLAKE APARTMENT ASSOCIATES LIMITED PARTNERSHIP,601 948 903,664791,,True,False,False,
77,EAST APARTMENTS LLC,"EAST HIGHLAND APARTMENTS, LLC",603 147 514,674359,"5012 134TH PL NE, BELLEVUE, WA, 98005-1019, UNITED STATES",False,False,False,
78,EAST APARTMENTS LLC,EAST HILL MANOR ASSOCIATION OF APARTMENT OWNERS,601 800 282,674362,"5017 196TH ST SW STE 103, LYNNWOOD, WA, 98036-6123, UNITED STATES",False,False,False,
79,EAST APARTMENTS LLC,EAST HOWE STEPS APARTMENTS LLC,604 021 153,664939,"1903 YALE PL E, SEATTLE, WA, 98102, UNITED STATES",False,False,False,
80,EAST APARTMENTS LLC,"EAST JOHN APARTMENTS, LLC",603 286 911,175546,"2633 EASTLAKE AVE E STE 307, SEATTLE, WA, 98102-3231, UNITED STATES",False,False,False,
81,EAST APARTMENTS LLC,EAST JOHN STREET APARTMENTS LLC,604 267 922,1193327,"1545 SUNSET AVE SW, SEATTLE, WA, 98116-1648, UNITED STATES",False,False,False,
82,EAST APARTMENTS LLC,"EAST JUNIPER APARTMENTS, LLC",602 549 365,175547,"6710 ANDERSON HILL RD, SILVERDALE, WA, 98383, UNITED STATES",False,False,False,
83,EAST APARTMENTS LLC,"EAST JUNIPER APARTMENTS, LLC",604 331 875,1234604,"339 FARRAGUT AVE N, PORT ORCHARD, WA, 98366-5121, UNITED STATES",False,False,False,
84,EAST APARTMENTS LLC,EAST SHORE ESTATE ASSOCIATION OF APARTMENT OWNERS,601 601 369,672937,"1500 112TH AVE NE, BELLEVUE, WA, 98004-3731, UNITED STATES",False,False,False,
85,EAST APARTMENTS LLC,EAST TERRACE APARTMENTS LLC,603 303 101,662742,"1545 SUNSET AVE SW, SEATTLE, WA, 98116, UNITED STATES",False,False,False,
86,EAST APARTMENTS LLC,EAST VIEW APARTMENTS LLC,603 400 518,156535,,True,False,False,
87,EAST APARTMENTS LLC,EASTBRIDGE APARTMENTS LLC,602 860 033,655380,"600 ANDOVER PARK W, TUKWILA, WA, 98188-3326, UNITED STATES",False,False,False,
88,EAST APARTMENTS LLC,"EASTLAKE MANOR APARTMENTS, L.L.C.",602 404 752,138248,"50 116TH AVE SE STE 201, BELLEVUE, WA, 98004-6436, UNITED STATES",False,False,False,
89,EAST APARTMENTS LLC,"EASTON COURT APARTMENTS, LLC",604 032 874,154489,"4957 LAKEMONT BLVD SE, STE C4 #173, BELLEVUE, WA, 98006-7801, UNITED STATES",False,False,False,
90,EAST APARTMENTS LLC,"EASTPOINTE APARTMENTS, LLC",603 534 513,155549,"406 19TH STREET NE, EAST WENATCHEE, WA, 98802, UNITED STATES",False,False,False,
91,EAST APARTMENTS LLC,EASTRAIL APARTMENTS LLC,604 998 263,1616663,"12332 NE 115TH PL, KIRKLAND, WA, 98033-4430, UNITED STATES",False,False,False,
92,EAST APARTMENTS LLC,EASTSIDE APARTMENTS LLC,604 280 589,1205902,"2462 1ST AVE S, SEATTLE, WA, 98134-1422, UNITED STATES",False,False,False,
93,EQR-HEIGHTS ON CAPITOL HILL LLC,EQR-HEIGHTS ON CAPITOL HILL LLC,604 400 287,1262529,"TWO NORTH RIVERSIDE PLAZA, SUITE 400, CHICAGO, CHICAGO, IL, 60606, UNITED STATES",False,False,False,
94,RAMAYANA LLC,RAMAYANA LLC,602 743 797,419459,"1702 N 47TH ST, SEATTLE, WA, 98103-6812, UNITED STATES",False,False,False,
95,ERAWAN LLC,ERAWAN LLC,604 955 599,1589917,"420 E HOWELL ST, SEATTLE, WA, 98122-6949, UNITED STATES",False,False,False,
96,ERAWAN LLC,ERAWAN APARTMENTS LLC,604 019 111,151583,"12 W SEASHORE LN, SEQUIM, WA, 98382-8875, UNITED STATES",False,False,False,
97,ERAWAN LLC,ERAWAN BANGKOK THAI CUISINE LLC,603 038 048,1112767,,False,False,False,
98,HILLREE INVESTORS 2010 LLC,"HILLREE INVESTORS 2010, LLC",603 054 340,210672,"117 E LOUISA ST # 185, SEATTLE, WA, 98102-3203, UNITED STATES",False,False,False,
99,RL LAKEVIEW PLACE LLC,RL LAKEVIEW PLACE LLC,603 555 831,1145859,"1004 BELMONT AVE E, 302, SEATTLE, WA, 98102-4410, UNITED STATES",False,False,False,
100,CAMERON MERCER LLC,CAMERON MERCER LLC,603 427 242,599310,"700 E MERCER ST, SEATTLE, WA, 98102-4991, UNITED STATES",False,False,False,
101,CAMERON PARTNERS LLC,CAMERON PARTNERS LLC,602 727 421,594501,"2611 NE 113TH ST STE 300, SEATTLE, WA, 98125-6700, UNITED STATES",False,False,False,
102,CAMERON PARTNERS LLC,CAMERON CREATIVE PARTNERS LLC,604 267 249,1194021,"15340 NE 92ND ST STE D, REDMOND, WA, 98052-3521, UNITED STATES",False,False,False,
103,MAVIS GROUP LLC,"CJ SYSTEMS AVIATION GROUP, INC.",601 483 395,105857,,False,False,False,
104,MAVIS GROUP LLC,THE MAVIS GROUP LLC,602 730 849,1052183,"2810 EASTLAKE AVE E, SEATTLE, WA, 98102, UNITED STATES",False,False,False,
105,BROADWAY INVESTMENT LTD,BROADWAY & HEWITT INVESTMENTS LIMITED LIABILITY COMPANY,601 961 056,1101388,"2821 RUCKER AVE, EVERETT, WA, 98201-3424, UNITED STATES",False,False,False,
106,BROADWAY INVESTMENT LTD,"BROADWAY INVESTMENT GROUP, LLC",602 788 476,585208,"2323 SW 172ND, BURIEN, WA, 98166, UNITED STATES",False,False,False,
107,BROADWAY INVESTMENT LTD,"BROADWAY INVESTMENT, LTD.",601 330 310,585631,"2829 RUCKER AVE STE 100, EVERETT, WA, 98201-3456, UNITED STATES",False,False,False,
108,BROADWAY INVESTMENT LTD,GREAT BROADWAY INVESTMENT LLC,603 323 029,720313,,False,False,False,
109,BROADWAY INVESTMENT LTD,"PETERSON BROADWAY INVESTMENTS, L.L.C.",602 305 096,370388,"8817 E MISSION AVE STE 101, SPOKANE VLY, WA, 99212-5040, UNITED STATES",False,False,False,
110,BROADWAY INVESTMENT LTD,"S & S BROADWAY INVESTMENTS, LLC",604 052 947,263101,"108 N WASHINGTON ST STE 600, SPOKANE, WA, 99201-5038, UNITED STATES",False,False,False,
111,WOODCREEK LANE APTS LLC,"WOODCREEK LANE APTS., LLC",602 114 698,1089512,"733 98TH AVE NE, BELLEVUE, WA, 98004-4916, UNITED STATES",False,False,False,
112,TOCK BELMONT APARTMENTS LLC,"TOCK BELMONT APARTMENTS, LLC",604 844 420,1515184,"3720 CARILLON POINT, 7TH FLOOR, KIRKLAND, WA, 98033, UNITED STATES",False,False,False,
113,BILTMORE ASSOCIATES L L C,BILTMORE ASSOCIATES L.L.C.,601 924 361,587504,"1938 43RD AVE E, SEATTLE, WA, 98112-3235, UNITED STATES",False,False,False,
114,ESSEX BROADWAY LLC,"ESSEX BROADWAY, LLC",602 671 342,176401,"1100 PARK PL STE 200, SAN MATEO, CA, 94403-7107, UNITED STATES",False,False,False,
115,ICP 418 BELLEVUE LLC,ICP 418 BELLEVUE LLC,603 104 505,1121790,"1421 34TH AVE, SUITE 300, SEATTLE, WA, 98122-3333, UNITED STATES",False,False,False,
116,500 BELMONT AVENUE E LLC,500 BELMONT AVENUE E. LLC,604 834 517,1508627,"ATTN: JOSEPH PHELPS, 801 2ND AVE, STE 1700, SEATTLE, WA, 98104-1520, UNITED STATES",False,False,False,
117,B & O DEVELOPMENT L L C,550 BROADWAY DEVELOPMENT LLC,603 569 331,6430,"411 1ST AVE S STE 650, SEATTLE, WA, 98104-3807, UNITED STATES",False,False,False,
118,B & O DEVELOPMENT L L C,87TH AVENUE SUBDIVISION PLANNED UNIT DEVELOPMENT,604 630 194,1373975,,False,False,False,
119,B & O DEVELOPMENT L L C,"A+ BIOMEDICAL URBAN DEVELOPMENT SERVICES, LLC",603 348 782,10288,"5118 S HAZEL ST, SEATTLE, WA, 98178, UNITED STATES",False,False,False,
120,B & O DEVELOPMENT L L C,"A.B. CONTRACTING AND DEVELOPMENT, LLC",604 486 397,1297267,"29030 59TH PL S, AUBURN, WA, 98001-1219, UNITED STATES",False,False,False,
121,B & O DEVELOPMENT L L C,"AB CONSTRUCTION & DEVELOPMENT, LLC",604 324 382,1246061,"17160 158TH CT SE, RENTON, WA, 98058-9017, UNITED STATES",False,False,False,
122,B & O DEVELOPMENT L L C,"ABBEY ROAD DEVELOPMENT, L.L.C.",602 476 399,455838,"2707 WETMORE AVE, EVERETT, WA, 98201-3526, UNITED STATES",False,False,False,
123,B & O DEVELOPMENT L L C,ABBEY ROAD GROUP LAND DEVELOPMENT SERVICES COMPANY LLC,602 838 945,295788,"2102 E MAIN, SUITE 109, PUYALLUP, WA, 98372-3205, UNITED STATES",False,False,False,
124,B & O DEVELOPMENT L L C,"ABBOTT WEB DEVELOPMENT, LLC",604 402 172,1260008,"11717 ZENOBIA LOOP, WESTMINSTER, CO, 80031-7850, UNITED STATES",False,False,False,
125,B & O DEVELOPMENT L L C,ABODE DEVELOPMENT LLC,603 617 483,312580,"2752 70TH AVE SE, MERCER ISLAND, WA, 98040-2549, UNITED STATES",False,False,False,
126,B & O DEVELOPMENT L L C,ABSOLUTE LIFE DEVELOPMENT LTD.,604 619 973,1366084,"10900 NE 4TH ST STE 2300, BELLEVUE, WA, 98004-5882, UNITED STATES",False,False,False,
127,B & O DEVELOPMENT L L C,ABSTON DEVELOPMENT LLC,604 816 715,1496026,"29531 48TH AVE S, ROY, WA, 98580-0000, UNITED STATES",False,False,False,
128,B & O DEVELOPMENT L L C,"ABYDOS DEVELOPMENT SERVICES, LLC",603 099 771,15811,"3497 E SMITH ROAD, BELLINGHAM, WA, 98226, UNITED STATES",False,False,False,
129,B & O DEVELOPMENT L L C,AFFILIATED TRIBES OF NW INDIANS ECONOMIC DEVELOPMENTCORPORATION DBA ATNI - EDC,601 929 878,1094186,"23106 100TH AVE W, EDMONDS, WA, 98020, UNITED STATES",False,False,False,
130,B & O DEVELOPMENT L L C,AFFORDABLE COMMUNITY ENERGY RESEARCH AND DEVELOPMENT AGENCY,603 043 164,1094206,"12733 LAKE CITY WAY NE, SEATTLE, WA, 98125, UNITED STATES",False,False,False,
131,B & O DEVELOPMENT L L C,AFRICAN BANTU COMMUNITY DEVELOPMENT & EDUCATION FOUNDATION,602 991 185,489068,"20516 123RD PL SE, KENT, WA, 98031, UNITED STATES",False,False,False,
132,B & O DEVELOPMENT L L C,ALBERTSON PRODUCT DEVELOPMENT LLC,604 195 165,1167013,"109 GRANT ST, HEALDSBURG, CA, 95448-3812, UNITED STATES",False,False,False,
133,B & O DEVELOPMENT L L C,"ALEX BARROUK CONSULTING & DEVELOPMENT, LLC",604 128 623,824596,"10820 E 7TH AVE, SPOKANE VALLEY, WA, 99216, UNITED STATES",False,False,False,
134,B & O DEVELOPMENT L L C,ALLIANCE FOR HILLTRIBE EDUCATION AND DEVELOPMENT,602 827 535,1095098,"49515 STATE ROUTE 7 E, EATONVILLE, WA, 98328-9429, UNITED STATES",False,False,False,
135,B & O DEVELOPMENT L L C,"AMERICAN BUSINESS RESEARCH AND OVERSEAS ADVANCED DEVELOPMENT, LLC",603 072 391,1095574,"524 E DIVISION, EPHRATA, WA, 98823, UNITED STATES",False,False,False,
136,B & O DEVELOPMENT L L C,ARBORCREST DEVELOPMENT CORP.,603 024 190,546844,"5109 RIVERSIDE AVE, EVERETT, WA, 98201-8501, UNITED STATES",False,False,False,
137,B & O DEVELOPMENT L L C,"AUBURN CITY CENTER SENIOR LIVING DEVELOPMENT ASSOCIATES, LLC",604 232 283,1187667,"14400 TUKWILA INTERNATIONAL BLVD STE 100, TUKWILA, WA, 98168-4419, UNITED STATES",False,False,False,
138,B & O DEVELOPMENT L L C,"AUBURN COMMERCIAL DEVELOPMENT, INC.",601 830 488,46899,"28 37TH ST NE STE A, AUBURN, WA, 98002-1743, UNITED STATES",False,False,False,
139,B & O DEVELOPMENT L L C,AUBURN NORTH DEVELOPMENT L.L.C.,601 755 331,44469,"3716 AUBURN WAY N, STE 101, AUBURN, WA, 98002-1389, UNITED STATES",False,False,False,
140,B & O DEVELOPMENT L L C,"B & O DEVELOPMENT, LLC",602 834 402,544665,"200 1ST AVE W, SUITE 520, SEATTLE, WA, 98119-4219, UNITED STATES",False,False,False,
141,B & O DEVELOPMENT L L C,"B & R PROPERTY DEVELOPMENT, LLC",602 383 844,567239,"4905 83RD AVE SE, SNOHOMISH, WA, 98290-5167, UNITED STATES",False,False,False,
142,ICP 422 SUMMIT LLC,ICP 422 SUMMIT LLC,603 258 846,239725,"1421 34TH AVE STE 300, SEATTLE, WA, 98122, UNITED STATES",False,False,False,
143,CAROLINE W LLC,CAROLINE GOODWIN LLC,604 198 745,1172521,"1171 ISLAND BLVD, FOX ISLAND, WA, 98333-9624, UNITED STATES",False,False,False,
144,CAROLINE W LLC,CAROLINE GREENWALT VETERINARY SERVICES LLC,604 786 378,1479859,"10008 41ST AVE SW, SEATTLE, WA, 98146-3610, UNITED STATES",False,False,False,
145,CAROLINE W LLC,CAROLINE W. LLC,603 260 939,91937,"2212 S. JACKSON ST., SEATTLE, WA, 98144, UNITED STATES",False,False,False,
146,CAROLINE W LLC,"CAROLINE WHITE COUNSELING, PLLC",604 887 946,1545569,"12101 SE 26TH ST, BELLEVUE, WA, 98005-4118, UNITED STATES",False,False,False,
147,CAROLINE W LLC,"CAROLINE WILLIAMS YOGA, LLC",604 631 846,1371372,"14 N POINT DR, BELLINGHAM, WA, 98229-7928, UNITED STATES",False,False,False,
148,120 HARVARD AVENUE E LLC,120 HARVARD AVENUE E LLC,603 284 802,755600,"1200 WESTLAKE AVE N STE 608, SEATTLE, WA, 98109-3529, UNITED STATES",False,False,False,
149,SHELTON INVESTOR JV LLC,"SHELTON INVESTOR JV, LLC",604 879 148,1539349,"711 HIGH ST, DES MOINES, IA, 50392-0001, UNITED STATES",False,False,False,
150,W R P ASSOCIATES HARVARD AVE LLC,"W.R.P. ASSOCIATES HARVARD AVE, L.L.C.",602 832 334,1067317,"2807 LINCOLN WAY, PO BOX 898, LYNNWOOD, WA, 98046, UNITED STATES",False,False,False,
151,BROADWAY ESTATES LLC,BROADWAY ESTATES LLC,603 213 386,72400,"515 HARVARD AVE E, SEATTLE, WA, 98102-6282, UNITED STATES",False,False,False,
152,BROADWAY ESTATES LLC,"BROADWAY COURT ESTATES, L.L.C.",601 986 798,584913,"13505 E BROADWAY AVE, SPOKANE VALLEY, WA, 99216-1377, UNITED STATES",False,False,False,
153,BROADWAY ESTATES LLC,FLEET BROADWAY REAL ESTATE LLC,604 042 141,707016,"7511 BEVERLY BLVD, EVERETT, WA, 98203, UNITED STATES",False,False,False,
154,MRM-BEN LOMOND LLC,MRM-BEN LOMOND LLC,603 020 069,843177,"2707 WETMORE AVE, EVERETT, WA, 98201-3526, UNITED STATES",False,False,False,
155,TRIMARK I LLC,"MAITRI MARKETING, LLC",602 948 320,198697,,True,False,False,
156,TRIMARK I LLC,"TRIMARK - FEDERAL WAY CROSSINGS II, L.P.",602 663 096,311589,"420 ELLINGSON RD STE 200, PACIFIC, WA, 98047, UNITED STATES",True,False,False,
157,TRIMARK I LLC,TRIMARK - FEDERAL WAY CROSSINGS L.P.,602 588 778,1054894,"420 ELLINGSON RD, SUITE 200, PACIFIC, WA, 98047-1001, UNITED STATES",True,False,False,
158,TRIMARK I LLC,TRIMARK - SOUTH POINT LLC,602 579 112,1037127,"406 ELLINGSON RD, PACIFIC, WA, 98047-1002, UNITED STATES",False,False,False,
159,TRIMARK I LLC,TRIMARK 14205 BUILDING LLC,604 034 901,490219,"420 ELLINGSON RD STE 200, PACIFIC, WA, 98047, UNITED STATES",True,False,False,
160,TRIMARK I LLC,TRIMARK BURLINGTON HOSPITALITY LLC,604 067 021,487420,"420 ELLINGSON RD, SUITE 200, PACIFIC, WA, 98047-1001, UNITED STATES",True,False,False,
161,TRIMARK I LLC,"TRIMARK FEDERAL WAY HOSPITALITY, LLC",603 607 730,493930,"420 ELLINGSON RD, SUITE 200, PACIFIC, WA, 98047-1001, UNITED STATES",True,False,False,
162,TRIMARK I LLC,"TRIMARK FUNDING, INC.",602 515 723,487421,"5101 E LA PALMA AVE #206, ANAHEIM, CA, 92807, UNITED STATES",False,False,False,
163,TRIMARK I LLC,TRIMARK HOSPITALITY MANAGEMENT LLC,604 269 608,1195543,"420 ELLINGSON RD STE 200, PACIFIC, WA, 98047-1001, UNITED STATES",True,False,False,
164,TRIMARK I LLC,"TRIMARK I, L.L.C.",601 695 470,311591,"420 ELLINGSON RD, SUITE 200, PACIFIC, WA, 98047-1001, UNITED STATES",True,False,False,
165,TRIMARK I LLC,"TRIMARK II, L.L.C.",601 703 912,1077826,,True,False,False,
166,TRIMARK I LLC,"TRIMARK III, LLC",601 786 965,1054896,"420 ELLINGSON RD, SUITE 200, PACIFIC, WA, 98047-1001, UNITED STATES",True,False,False,
167,TRIMARK I LLC,"TRIMARK INVESTMENT GROUP, LLC",603 537 909,493253,"420 ELLINGSON RD #200, PACIFIC, WA, 98047, UNITED STATES",False,False,False,
168,TRIMARK I LLC,TRIMARK INVESTORS LLC,603 277 822,487422,"2527 177TH ST SE, BOTHELL, WA, 98012, UNITED STATES",False,False,False,
169,TRIMARK I LLC,"TRIMARK IV, LLC",601 735 007,1019068,,True,False,False,
170,TRIMARK I LLC,"TRIMARK IX, LLC",601 862 241,493932,"420 ELLINGSON RD, SUITE 200, PACIFIC, WA, 98047-1001, UNITED STATES",True,False,False,
171,TRIMARK I LLC,"TRIMARK PACIFIC HOSPITALITY, LLC",603 593 648,1037129,"420 ELLINGSON RD, SUITE 200, PACIFIC, WA, 98047-1001, UNITED STATES",True,False,False,
172,TRIMARK I LLC,TRIMARK PUYALLUP HOSPITALITY LLC,604 043 279,311592,"420 ELLINGSON RD STE 200, PACIFIC, WA, 98047, UNITED STATES",True,False,False,
173,TRIMARK I LLC,TRIMARK RAINIER BLVD LLC,604 487 694,1300335,"420 ELLINGSON RD STE 200, PACIFIC, WA, 98047-1001, UNITED STATES",True,False,False,
174,TRIMARK I LLC,TRIMARK TYLER HOSPITALITY LLC,604 443 579,1277674,"420 ELLINGSON RD, SUITE 200, PACIFIC, WA, 98047-1001, UNITED STATES",True,False,False,
175,TRIMARK I LLC,"TRIMARK UNITED EAST, LLC",604 511 589,1319078,"9 HAMPSHIRE STREET, MANSFIELD, MA, 02048, UNITED STATES",False,False,False,
176,TRIMARK I LLC,"TRIMARK VII, LLC",601 786 966,490223,"420 ELLINGSON RD, SUITE 200, PACIFIC, WA, 98047-1001, UNITED STATES",True,False,False,
177,TRIMARK I LLC,"TRIMARK VIII, LLC",601 695 466,1055532,"420 ELLINGSON RD, SUITE 200, PACIFIC, WA, 98047-1001, UNITED STATES",True,False,False,
178,TRIMARK I LLC,TRIMARK WEST FIFTH APARTMENTS LLC,604 034 608,311593,"420 ELLINGSON RD STE 200, PACIFIC, WA, 98047, UNITED STATES",True,False,False,
179,TRIMARK I LLC,TRIMARK WILLOW GLEN LLC,604 433 318,1273552,"420 ELLINGSON RD STE 200, PACIFIC, WA, 98047-1001, UNITED STATES",True,False,False,
180,SALVATION ARMY SEATTLE RESIDEN,THE SALVATION ARMY SEATTLE RESIDENCES,601 294 494,473063,"30840 HAWTHORNE BLVD, RCH PALOS VRD, CA, 90275-5301, UNITED STATES",False,False,False,
181,REEP-MF WALLINGFORD WA LLC,REEP-MF WALLINGFORD WA LLC,603 296 103,255038,"51 MADISON AVENUE, NEW YORK, NY, 10010, UNITED STATES",False,False,False,
182,ST JAMES TOWER ASSOCIATES,ST. JAMES TOWER ASSOCIATES  LLC,601 534 877,970261,"9757 NE JUANITA DRIVE #300, KIRKLAND, WA, 98034, UNITED STATES",False,False,False,
183,FREMONT DOCK CO,FREMONT DOCK CO.,578 039 199,712101,"3500 1ST AVE NW, SEATTLE, WA, 98107-4901, UNITED STATES",False,False,False,
184,PICKERING PLACE L L C,"ISSAQUAH PICKERING PLACE, L.L.C.",601 931 293,777442,,False,False,False,
185,PICKERING PLACE L L C,PICKERING PLACE LLC,602 081 591,904323,"5210 RUSSELL AVE NW STE 100, SEATTLE, WA, 98107-3921, UNITED STATES",False,False,False,
186,PICKERING PLACE L L C,PICKERING PLACE OWNERS ASSOCIATION,601 212 396,931200,"9725 SE 36TH ST STE 102, MERCER ISLAND, WA, 98040-3840, UNITED STATES",False,False,False,
187,UNIVERSITY HOUSE AT WALLINGFORD L L C,"UNIVERSITY HOUSE AT WALLINGFORD, L.L.C.",601 735 596,1071011,"400 UNION ST, SEATTLE, WA, 98101-2502, UNITED STATES",False,False,False,
188,NORTH 46TH PROPERTIES L.L.C,NORTH 46TH PROPERTIES LIMITED LIABILITY COMPANY,601 772 469,864290,"601 UNION ST STE 2600, SEATTLE, WA, 98101-2302, UNITED STATES",False,False,False,
189,HOWARD PARK LLC,HOWARD PARK LLC,602 438 064,732129,"5210 RUSSELL AVE NW STE 100, SEATTLE, WA, 98107-3921, UNITED STATES",False,False,False,
190,ROSCOMMON L.L.C,ROSCOMMON L.L.C.,601 843 265,958470,"2825 EASTLAKE AVE E, SUITE 250, SEATTLE, WA, 98102-3013, UNITED STATES",False,False,False,
191,WH GREENWOOD II LLC,WH GREENWOOD II LLC,604 613 488,1359772,"600 UNIVERSITY ST STE 2820, SEATTLE, WA, 98101-1184, UNITED STATES",False,False,False,
192,TAYLOR GREENLAKE LLC,TAYLOR GREENLAKE LLC,602 737 759,458245,"16046 BEACH DR NE, LK FOREST PK, WA, 98155-6740, UNITED STATES",False,False,False,
193,DESC N96 SUPPORTIVE HOUSING LLP,DESC N96 SUPPORTIVE HOUSING LLLP,604 069 288,660494,"937 N 96TH ST, SEATTLE, WA, 98103-3455, UNITED STATES",False,False,False,
194,DAMBROSIO ENTERPRISES LLC,"D'AMBROSIO ENTERPRISES, LLC",604 111 298,153067,"11019 SE 60TH ST, BELLEVUE, WA, 98006, UNITED STATES",False,False,False,
195,GREENLAKE SELF STORAGE LLC,GREENLAKE SELF STORAGE LLC,603 494 148,723923,"5807 KENWOOD PL N, SEATTLE, WA, 98103, UNITED STATES",False,False,False,
196,GREENLAKE SELF STORAGE LLC,GREENLAKE SELF-STORAGE ASSOCIATES LLC,602 421 928,1118283,"15600 NE 8TH B-173, BELLEVUE, WA, 98008, UNITED STATES",False,False,False,
197,EXECUTIVE HOTEL SEATTLE L L C,EXECUTIVE HOTEL SEATTLE LLC,602 499 594,1113446,"4420 132ND ST SE, SUITE 201, MILL CREEK, WA, 98012, UNITED STATES",False,False,False,
198,MADISON HOTEL LLC,MADISON HOTEL LLC,601 816 426,802731,"1700 7TH AVE STE 2300, SEATTLE, WA, 98101-1387, UNITED STATES",False,False,False,
199,MADISON HOTEL LLC,"MADISON HOTEL APARTMENTS MASTER TENANT, LLC",602 746 963,304546,,True,False,False,
200,MADISON HOTEL LLC,"MADISON HOTEL APARTMENTS, LLC",602 746 967,336642,"13708 240TH AVE SE, ISSAQUAH, WA, 98027, UNITED STATES",False,False,False,
201,MADISON HOTEL LLC,MHC MADISON HOTEL CORP.,601 856 191,330117,,True,False,False,
202,ARCTIC CLUB HOTEL LLC,ARCTIC CLUB HOTEL LLC,602 440 867,554813,"108 N WASHINGTON ST STE 603, SPOKANE, WA, 99201-5001, UNITED STATES",False,False,False,
203,ARCTIC CLUB HOTEL LLC,"ARCTIC CLUB HOTEL I, INC.",603 457 293,554812,"621 W MALLON AVE STE 509, SPOKANE, WA, 99201-2181, UNITED STATES",False,False,False,
204,ARCTIC CLUB HOTEL LLC,THE ARCTIC CLUB HOTEL LLC,604 961 382,1592215,"475 NE BELLEVUE DR STE 210, BEND, OR, 97701-7411, UNITED STATES",False,False,False,
205,THE SORRENTO HOTEL PARTNERSHIP,THE SORRENTO HOTEL PARTNERSHIP,600 371 216,1056327,"900 MADISON ST, SEATTLE, WA, 98104, UNITED STATES",False,False,False,
206,THE SORRENTO HOTEL PARTNERSHIP,SORRENTO HOTEL INVESTORS LLC,604 429 199,1277642,"19260 SE 45TH PL, ISSAQUAH, WA, 98027-9306, UNITED STATES",False,False,False,
207,HPT IHG-2 PROPERTIES TRUST,HPT IHG-2 PROPERTIES TRUST,603 181 390,740606,"255 WASHINGTON ST, TWO NEWTON PLACE, SUITE 300, NEWTON, MA, 02458-1634, UNITED STATES",False,False,False,
208,1005 SPRING STREET LLC,"1005 SPRING STREET, LLC",602 614 077,1060,"1100 9TH AVE, M/S: GB-ADM, SEATTLE, WA, 98101-2756, UNITED STATES",False,False,False,
209,PIONEER SQUARE HOTEL CO,PIONEER SQUARE HOTEL COMPANY,600 617 852,932172,"77 YESLER WAY, SEATTLE, WA, 98104-2530, UNITED STATES",False,False,False,
210,AMERICAN HOTEL BUILDING LLC,AMERICAN HOTEL BUILDING LLC,602 840 118,539763,"520 S KING ST, SEATTLE, WA, 98104-2834, UNITED STATES",False,False,False,
211,PANAMA INTERNATIONAL CORP,JADE PANAMA INTERNATIONAL LLC,604 059 892,287265,"21422 SE 37TH ST, SAMMAMISH, WA, 98075-9281, UNITED STATES",False,False,False,
212,PANAMA INTERNATIONAL CORP,PANAMA INTERNATIONAL CORPORATION,601 004 835,367555,"605 1/2 S MAIN ST, SEATTLE, WA, 98104-2754, UNITED STATES",False,False,False,
213,REDCO OCCIDENTAL 547 OWNER LLC,REDCO OCCIDENTAL 547 OWNER LLC,604 455 119,1282940,,False,True,True,
214,REDCO OCCIDENTAL 547 OWNER LLC,IND OCCIDENTAL 547 OWNER LLC,604 455 119,1282940,"11150 SANTA MONICA BLVD, SUITE 700, LOS ANGELES, CA, 90025-3331, UNITED STATES",False,True,True,
215,GREENWOOD AVENUE INVESTORS LLC,GRE GREENWOOD AVENUE INVESTORS LLC,603 147 120,215335,"2801 ALASKAN WY STE 310, SEATTLE, WA, 98121, UNITED STATES",False,False,False,
216,GREENWOOD AVENUE INVESTORS LLC,"GREENWOOD AVENUE INVESTORS, LLC",603 574 180,720233,"9039 GREENWOOD AVE N, SEATTLE, WA, 98103-3978, UNITED STATES",False,False,False,
217,NORTHBRIDGE APARTMENTS LLC,"NORTHBRIDGE APARTMENTS, LLC",603 095 559,858420,"4957 LAKEMONT BLVD SE, STE C4 #173, BELLEVUE, WA, 98006, UNITED STATES",False,False,False,
218,MIRA VALLEY ASSOCIATES LLC,"MIRA VALLEY ASSOCIATES, LLC",604 464 263,1286900,"50 WEST BROADWAY #333, #54329, SALT LAKE CITY, UT, 84101, UNITED STATES",False,False,False,
219,36 FREMONT GREEN LLC,"36 FREMONT GREEN, LLC",603 298 274,61511,"950 N 72ND ST, STE 100, SEATTLE, WA, 98103, UNITED STATES",False,False,False,
220,STONE WAY APARTMENTS L L C,"3831 STONE WAY APARTMENTS, LLC",604 855 422,1522206,"1900 S NORFOLK ST STE 150, SAN MATEO, CA, 94403-1161, UNITED STATES",True,False,False,
221,STONE WAY APARTMENTS L L C,"PREG STONE WAY APARTMENTS, LLC",604 861 008,1524108,"1900 S NORFOLK ST STE 150, SAN MATEO, CA, 94403-1161, UNITED STATES",True,False,False,
222,STONE WAY APARTMENTS L L C,STONE WAY APARTMENTS LLC,602 294 884,453007,"433 MINOR AVE N, SEATTLE, WA, 98109-5439, UNITED STATES",False,False,False,
223,STONE WAY APARTMENTS L L C,STONEWAY APARTMENTS FREMONT LLC,604 258 456,1196124,"1308 N 38TH ST, SEATTLE, WA, 98103-8167, UNITED STATES",False,False,False,
224,GREEN LAKE TYEE LLC,"GREEN LAKE TYEE, LLC",602 984 939,704418,"950 N 72ND ST STE 100, SEATTLE, WA, 98103-5362, UNITED STATES",False,False,False,
225,MAUI GROUP LLC,MAUI DESIGN GROUP LLC,603 168 798,832124,"350 WARD AVE, HONOLULU, HI, 96814",False,False,False,
226,MAUI GROUP LLC,"MAUI GROUP, LLC",601 933 202,322632,"2617 2ND AVE, SUITE B, SEATTLE, WA, 98121-1211, UNITED STATES",False,False,False,
227,HAYES APARTMENTS LLC,THE HAYES APARTMENTS LLC,604 155 762,467993,"600 UNIVERSITY ST STE 2820, SEATTLE, WA, 98101-1184, UNITED STATES",False,False,False,
228,SUNRAY APTS LLC,"SUNRAY APTS, LLC",603 208 162,1045653,"4207 PHINNEY AVE N APT 302, SEATTLE, WA, 98103-7133, UNITED STATES",False,False,False,
229,TRINITY STONEHEDGE LLC,TRINITY STONEHEDGE LLC,602 420 051,487827,"781 GREGORY LANE, OCEANSIDE, CA, 92057, UNITED STATES",False,False,False,
230,WEST LEE L L C,22 WEST LEE OWNERS ASSOCIATION,602 705 253,3800,"2800 THORNDYKE AVE W, SEATTLE, WA, 98199-2934, UNITED STATES",False,False,False,
231,WEST LEE L L C,FIRST WEST & LEE L.L.C.,602 361 219,678320,"1700 WESTLAKE AVE N STE 700, SEATTLE, WA, 98109, UNITED STATES",False,False,False,
232,WEST LEE L L C,GUARDIAN NORTHWEST TITLE & ESCROW COMPANY,600 021 028,241675,"1301 RIVERSIDE DR STE B, MOUNT VERNON, WA, 98273-2483, UNITED STATES",False,False,False,
233,WEST LEE L L C,"HEIM WEST SEATTLE EXCHANGE, LLC",604 994 833,1613212,"3535 INLAND EMPIRE BLVD, ONTARIO, CA, 91764-4908, UNITED STATES",False,False,False,
234,WEST LEE L L C,"NORTHWEST ALL KLEEN, INC.",603 112 266,372321,"15241 - 272ND PLACE NE, DUVALL, WA, 98019, UNITED STATES",False,False,False,
235,WEST LEE L L C,NORTHWEST COATINGS & FLEET SERVICE INC.,602 767 208,866775,"21302 148TH AVE E, GRAHAM, WA, 98338, UNITED STATES",False,False,False,
236,WEST LEE L L C,NORTHWEST DENTAL SLEEP & WELLNESS CENTER INC.,603 367 172,897821,"6100 219TH ST SW #480, MOUNTLAKE TERRACE, WA, 98043, UNITED STATES",False,False,False,
237,WEST LEE L L C,NORTHWEST DENTAL SLEEP & WELLNESS CENTER LLC,604 411 984,1266658,"2210 KULSHAN VIEW DR STE 101, MOUNT VERNON, WA, 98273-2779, UNITED STATES",False,False,False,
238,WEST LEE L L C,NORTHWEST FLEET AND COMMERCIAL LLC,604 736 412,1441426,"110 E SMITH RD, BELLINGHAM, WA, 98226-9717, UNITED STATES",False,False,False,
239,WEST LEE L L C,"NORTHWEST FLEET LEASE, INC.",600 507 362,852714,,False,False,False,
240,WEST LEE L L C,NORTHWEST FLEET LLC,604 960 250,1589796,"285 SHAMROCK CT, BUCKLEY, WA, 98321-8748, UNITED STATES",False,False,False,
241,WEST LEE L L C,NORTHWEST FLEET MAINTENANCE AND REPAIR LLC,603 363 186,355346,"20801 PILCHUCK PL, GRANITE FALLS, WA, 98252-9382, UNITED STATES",False,False,False,
242,WEST LEE L L C,"NORTHWEST FLEET SERVICE, LLC",604 215 109,1178059,"3715 TOM MARKS RD, SNOHOMISH, WA, 98290-9228, UNITED STATES",False,False,False,
243,WEST LEE L L C,NORTHWEST NEUROLOGY AND SLEEP CLINIC INC,604 794 573,1490215,"8506 E MILL PLAIN BLVD, VANCOUVER, WA, 98664-2011, UNITED STATES",False,False,False,
244,WEST LEE L L C,NORTHWEST REGION FLEET RESERVE ASSOCIATION,601 632 300,899932,"14707 N FARRAGUT LN, MEAD, WA, 99021-9286, UNITED STATES",False,False,False,
245,WEST LEE L L C,"NORTHWEST RENEWABLE ENERGY GROUP, LLC",602 954 247,861885,"25519 SE 392ND ST, ENUMCLAW, WA, 98022-6826, UNITED STATES",False,False,False,
246,WEST LEE L L C,"NORTHWEST REPAIR AND FLEET SERVICE, LLC",604 071 591,1137229,"16512 51ST AVE NE, ARLINGTON, WA, 98223-6425, UNITED STATES",False,False,False,
247,WEST LEE L L C,NORTHWEST SLEEP & BEHAVIOR PLLC,604 479 687,1296507,"12826 SE 40TH LN STE 203, BELLEVUE, WA, 98006-4276, UNITED STATES",False,False,False,
248,WEST LEE L L C,"NORTHWEST SLEEP DENTISTRY, PLLC",603 483 168,879051,"9919 N NEVADA ST, SPOKANE, WA, 99218, UNITED STATES",False,False,False,
249,WEST LEE L L C,NORTHWEST SLEEP SOLUTIONS LLC,603 173 468,899258,"1440 10TH STREET SUITE 103, BELLINGHAM, WA, 98225, UNITED STATES",False,False,False,
250,WEST LEE L L C,NORTHWEST TITLE AND ESCROW CORP.,602 437 602,875754,"4255 WHITE BEAR, PARKWAY #1300A, VADNAIS HEIGHTS, MN, 55110, UNITED STATES",False,False,False,
251,WEST LEE L L C,PACIFIC NORTHWEST FLEET REPAIR LLC,604 788 749,1478699,"18428 ALBANY ST SW, ROCHESTER, WA, 98579-9370, UNITED STATES",False,False,False,
252,WEST LEE L L C,PACIFIC NORTHWEST FLEET SERVICES LLC,604 556 560,1330190,"4227 S MERIDIAN STE C-556, PUYALLUP, WA, 98373-3603, UNITED STATES",False,False,False,
253,WEST LEE L L C,PACIFIC NORTHWEST RENEWABLE ENERGY LLC,604 627 279,1369053,"35A CREAMERY RD, GT BARRINGTON, MA, 01230, UNITED STATES",False,False,False,
254,WEST LEE L L C,PACIFIC NORTHWEST UNCOMMON & RESPONSIBLE EXPLORATIONS,603 043 781,889515,"4970 12TH AVE S, SEATTLE, WA, 98108, UNITED STATES",False,False,False,
255,SEDGES LLC,SEDGES LLC,603 248 894,424440,"8623 PALATINE AVE N, SEATTLE, WA, 98103-3690, UNITED STATES",False,False,False,
256,SEDGES LLC,1900 CREEKSEDGE LLC,604 758 721,1459346,"7220 REBECCA AVE SE AUBURN WA, AUBURN, WA, 98092, UNITED STATES",False,False,False,
257,SEDGES LLC,"81 ELK SEDGE, LLC",604 756 489,1461498,"81 ELK SEDGE CT, ANACORTES, WA, 98221-0000, UNITED STATES",False,False,False,
258,SEDGES LLC,BUSINESS EDGE ANALYTICS LLC,605 014 352,1624677,"417 99TH AVE NE APT E, BELLEVUE, WA, 98004-5449, UNITED STATES",False,False,False,
259,SEDGES LLC,BUSINESSEDGE SOLUTIONS INC,601 974 953,595197,"14205 SE 36TH ST # 100, BELLEVUE, WA, 98006, UNITED STATES",False,False,False,
260,SEDGES LLC,DRAFTERSEDGE LLC,602 897 366,656863,"6522 17TH AVE, SPOKANE VALLEY, WA, 99212, UNITED STATES",False,False,False,
261,SEDGES LLC,FANSEDGE INCORPORATED,602 298 724,685745,,False,False,False,
262,SEDGES LLC,JAMIK SEDGE LLC,604 212 163,1176034,"1200 CENTRAL RD, EVERSON, WA, 98247-9632, UNITED STATES",False,False,False,
263,SEDGES LLC,JNB ELK SEDGE LP,602 582 023,773045,"2005 18TH AVE E, SEATTLE, WA, 98112, UNITED STATES",False,False,False,
264,SEDGES LLC,"LAKESEDGECHELAN, LLC",604 903 549,1555884,"3445 WAPATO LAKE RD, MANSON, WA, 98831-9562, UNITED STATES",False,False,False,
265,SEDGES LLC,"LAURA ROUGHSEDGE NOUVELLE PHOTOGRAPHIE, LLC",604 088 421,792089,"29915 GAMBLE PL NE, KINGSTON, WA, 98346-9558, UNITED STATES",False,False,False,
266,SEDGES LLC,"NEXUSEDGE, INC.",602 479 321,366792,"12410 SE 32ND ST #100, BELLEVUE, WA, 98005, UNITED STATES",False,False,False,
267,SEDGES LLC,RAZOR’S EDGE BARBER SHOP LLC,604 625 359,1366682,"10706 NE FOURTH PLAIN BLVD, VANCOUVER, WA, 98662-5748, UNITED STATES",False,False,False,
268,SEDGES LLC,RIVERSEDGE HOLDING COMPANY LLC,602 754 781,966931,"4 MULBERRY CT, LONGVIEW, WA, 98632-9481, UNITED STATES",False,False,False,
269,SEDGES LLC,"RIVERSEDGE INSPECTION APPS, LLC",604 858 288,1528124,"1505 HARBOR VIEW COURT, ANACORTES, WA, 98221, UNITED STATES",False,False,False,
270,SEDGES LLC,"RIVERSEDGE INVESTMENTS, LLC",602 287 762,911150,"1236 COLUMBIA PARK TRL, RICHLAND, WA, 99352-4760, UNITED STATES",False,False,False,
271,SEDGES LLC,RIVERSEDGE LODGE & RV PARK LLC,603 415 691,400546,"162 COWLITZ LOOP, TOLEDO, WA, 98591, UNITED STATES",False,False,False,
272,SEDGES LLC,"RIVERSEDGE PROPERTIES, LLC",602 790 880,976613,"701 5TH AVE STE 5500, SEATTLE, WA, 98104, UNITED STATES",False,False,False,
273,SEDGES LLC,"RIVERSEDGE SPORTING DOGS,, LLC",603 015 605,1260378,"8439 S 19TH ST, TACOMA, WA, 98466-2905, UNITED STATES",True,False,False,
274,SEDGES LLC,"RIVERSEDGE WELLNESS, LLC",603 158 099,1277495,"8439 S 19TH ST, TACOMA, WA, 98466-2905, UNITED STATES",True,False,False,
275,SEDGES LLC,"RIVERSEDGESPARKY, LLC",604 134 067,924773,"3822 SUNSET HWY, E WENATCHEE, WA, 98802-9562, UNITED STATES",False,False,False,
276,SEDGES LLC,"SEDGE AND WEST DESIGN STUDIO, LLC",604 731 759,1439839,"2280 BROME ST, UNIT D, LYNDEN, WA, 98264-1055, UNITED STATES",False,False,False,
277,SEDGES LLC,SEDGE PROPERTIES LLC,604 373 670,1254175,"1855 KOK RD, LYNDEN, WA, 98264-1709, UNITED STATES",False,False,False,
278,SEDGES LLC,"SEDGE RIDGE, L.L.C.",603 326 845,269594,"13 N 94TH PL, YAKIMA, WA, 98908, UNITED STATES",False,False,False,
279,SEDGES LLC,SEDGEWICK PLAZA CENTER LLC,602 255 442,423115,"1111 CLEVELAND AVE, STE 203, MOUNT VERNON, WA, 98273-4229, UNITED STATES",False,False,False,
280,GRANVIEW HOLDINGS LLC,"GRANVIEW HOLDINGS, LLC",604 809 393,1498404,"345 118TH AVE SE STE 200, BELLEVUE, WA, 98005-3587, UNITED STATES",False,False,False,
281,GREENLAKE MANOR LLC,"GREENLAKE MANOR, L.L.C.",602 320 862,193041,"5830 NE ARROWHEAD DR, KENMORE, WA, 98028-4365, UNITED STATES",False,False,False,
282,WOODLAND COURT LLC,WOODLAND COURT LLC,603 439 999,1080457,"121 LAKESIDE AVE, SUITE B, SEATTLE, WA, 98122-6599, UNITED STATES",False,False,False,
283,WOODLAND COURT LLC,"WOODLAND COURT APARTMENTS, LLC",602 517 237,521774,,False,False,False,
284,WOODLAND COURT LLC,WOODLAND COURT ESTATES HOMEOWNERS' ASSOCIATION,602 651 022,1163220,"8019 113TH STREET CT E, PUYALLUP, WA, 98373-4710, UNITED STATES",False,False,False,
285,WOODLAND COURT LLC,WOODLAND COURT HOMEOWNERS ASSOCIATION,602 608 388,1066111,"5011 PHINNEY AVE N, UNITS A - C, SEATTLE, WA, 98103, UNITED STATES",False,False,False,
286,CRE QUEEN CITY LLC,"CRE QUEEN CITY, LLC",603 249 594,635712,"2930 WESTLAKE AVE N, STE 100, SEATTLE, WA, 98109, UNITED STATES",False,False,False,
287,J B BERGEN LLC,"J.B. BERGEN, L.L.C.",602 423 673,167600,"10002 AURORA AVE N STE 36, SEATTLE, WA, 98133-9348, UNITED STATES",False,False,False,
288,KEYSTONE PLACE APARTMENTS LLC,"KEYSTONE PLACE APARTMENTS, LLC",602 131 270,766599,"701 5TH AVE, SUITE 3300, SEATTLE, WA, 98104-7055, UNITED STATES",False,False,False,
289,JAMES B ROSE FAMILY LLC,JAMES B. ROSE FAMILY LLC,601 921 943,287711,"2825 EASTLAKE AVE E STE 200, SEATTLE, WA, 98102-3085, UNITED STATES",False,False,False,
290,FREMONT COURT INVESTMENTS LLC,FREMONT COURT INVESTMENTS LLC,603 459 003,189855,"2817 NE 55TH ST STE B, SEATTLE, WA, 98105-5536, UNITED STATES",False,False,False,
291,WALLINGFORD MIRABELLA L L C,WALLINGFORD MIRABELLA LLC,601 886 232,1052104,"720 SENECA ST STE B, SEATTLE, WA, 98101-3265, UNITED STATES",False,False,False,
292,MILAN APARTMENTS LLC,"MILAN APARTMENTS, LLC",604 167 573,869055,"4957 LAKEMONT BLVD SE C4 #173, BELLEVUE, WA, 98006-7801, UNITED STATES",False,False,False,
293,MILAN APARTMENTS LLC,MILANO ISSAQUAH APARTMENTS LLC,604 472 495,1295374,"12224 NE 8TH ST OFC, BELLEVUE, WA, 98005-2488, UNITED STATES",False,False,False,
294,GUINEVERE LLC,"GUINEVERE PROPERTIES, LLC",604 179 885,729145,"3320 E BRIDLE TRAIL RD, COLBERT, WA, 99005-9675, UNITED STATES",False,False,False,
295,GUINEVERE LLC,"GUINEVERE, L.L.C.",602 095 906,241875,"219 E GARFIELD ST STE 600, SEATTLE, WA, 98102-3785, UNITED STATES",False,False,False,
296,LICTON SPRINGS LLC,"CEDAR SCHOOL LICTON SPRINGS, LLC",603 520 478,499500,"10015 ASHWORTH AVE N, SEATTLE, WA, 98133-9407, UNITED STATES",False,True,True,
297,LICTON SPRINGS LLC,CRE LICTON SPRINGS LLC,603 405 727,124090,"2930 WESTLAKE AVE N, STE100, SEATTLE, WA, 98109-1968, UNITED STATES",False,False,False,
298,LICTON SPRINGS LLC,LICTON SPRINGS 1929 LLC,604 829 541,1505605,"26716 162ND ST E, BUCKLEY, WA, 98321-9151, UNITED STATES",False,False,False,
299,LICTON SPRINGS LLC,LICTON SPRINGS COMMUNITY COUNCIL,601 273 877,799509,"9704 WALLINGFORD AVE N, SEATTLE, WA, 98103-3526, UNITED STATES",False,False,False,
300,LICTON SPRINGS LLC,LICTON SPRINGS COURT LIMITED PARTNERSHIP,601 606 836,799510,,True,False,False,
301,LICTON SPRINGS LLC,"LICTON SPRINGS, LLC",604 021 161,811762,"14568 MORNING SUN DR, CHELAN, WA, 98816-9241, UNITED STATES",False,False,False,
302,LICTON SPRINGS LLC,"TEA LICTON SPRINGS, LLC",603 520 478,499500,,True,True,True,
303,NORTHPOINT COLLAGE LLC,NORTHPOINT COLLAGE LLC,603 309 302,895892,"201 FILBERT ST STE 100, SAN FRANCISCO, CA, 94133-3248, UNITED STATES",False,False,False,
304,HTS WALLY LLC,HTS WALLY LLC,604 808 506,1490220,"15 STORE HILL ROAD SUITE #0141, OLD WESTBURY, NY, 11568, UNITED STATES",False,False,False,
305,HTS WALLY LLC,HTS WALLY LLC,604 374 762,1249737,"15 STORE HILL RD STE 0141, OLD WESTBURY, NY, 11568, UNITED STATES",False,False,False,
306,AURORA HOUSING DEVELOPMENT LLC,AURORA HOUSING DEVELOPMENT LLC,603 232 448,555815,"100 23RD AVE S, SEATTLE, WA, 98144, UNITED STATES",False,False,False,
307,PHINNEY FLATS LLC,PHINNEY FLATS LLC,603 504 646,877843,"506 2ND AVE, SUITE 1020, SEATTLE, WA, 98104-2328, UNITED STATES",False,False,False,
308,NORTHGATE LODGING LLLP,"NORTHGATE LODGING, LLLP",603 237 547,1136764,"950 N 72ND ST STE 100, SEATTLE, WA, 98103, UNITED STATES",False,False,False,
309,EQR-MADISON LLC,EQR-MADISON LLC,603 387 017,190558,"TWO NORTH RIVERSIDE PLAZA, SUITE 400, CHICAGO, IL, 60606, UNITED STATES",False,False,False,
310,EQR-MADISON LLC,EQR/LEGACY PARTNERS (2000) 23RD & MADISON LLC,602 082 649,664969,,False,False,False,
311,HENRY PROSPEROUS PROPERTY LLC,HENRY PROSPEROUS PROPERTY LLC,604 322 897,1228364,"1824 NE 20TH ST, RENTON, WA, 98056, UNITED STATES",False,False,False,
312,VALOR APARTMENT ASSOCIATES,VALOR APARTMENT ASSOCIATES,603 182 365,515461,"6400 SOUTHCENTER BLVD, TUKWILA, WA, 98188-2547, UNITED STATES",False,False,False,
313,ATHLON LLC,ATHLON LLC,602 429 890,44320,"12544 15TH AVE NE APT 101, SEATTLE, WA, 98125-4129, UNITED STATES",False,False,False,
314,ATHLON LLC,"3 RIVERS TRIATHLON, LLC",602 993 539,4453,"100114 E. BRANDON DRIVE, KENNEWICK, WA, 99338, UNITED STATES",False,False,False,
315,ATHLON LLC,"ATHLON PARTNERS, LLC",602 059 941,552119,"10650 NE 9TH PL UNIT 2524, BELLEVUE, WA, 98004-5095, UNITED STATES",False,False,False,
316,ATHLON LLC,ATHLON SOLUTIONS LLC,603 277 190,44321,"5500 N SAM HOUSTON PKWY W STE 800, HOUSTON, TX, 77086-1573, UNITED STATES",False,False,False,
317,ATHLON LLC,BEAVER LAKE TRIATHLON ASSOCIATION,602 943 216,567690,,True,False,False,
318,ATHLON LLC,BEN COLLINS TRIATHLON LLC,603 293 915,44105,"16538 SHORE DR NE, LAKE FOREST PARK, WA, 98155, UNITED STATES",False,False,False,
319,ATHLON LLC,BLACK HILLS TRIATHLON ASSOCIATION LLC,603 238 018,588923,"1651 COOPER PT RD SW, OLYMPIA, WA, 98502, UNITED STATES",False,False,False,
320,ATHLON LLC,BLACK HILLS TRIATHLON CORPORATION,603 328 341,67286,"1651 COOPER POINT RD SW, OLYMPIA, WA, 98502, UNITED STATES",False,False,False,
321,ATHLON LLC,"CAPTAIN JACK'S TRIATHLON CLUB, LIMITED LIABILITY CO.",603 062 037,595698,"1240 NE 96TH ST, SEATTLE, WA, 98115, UNITED STATES",False,False,False,
322,ATHLON LLC,"CYATHLON BIOSCIENCE, LLC",604 122 301,631480,,True,True,True,
323,ATHLON LLC,"CYATHLON, LLC",604 122 301,631480,"17924 CIRCLE DR, BOTHELL, WA, 98011, UNITED STATES",False,True,True,
324,ATHLON LLC,DECATHLON AMERICA LLC,604 942 108,1575755,"1926 NW 98TH ST, SEATTLE, WA, 98117-2437, UNITED STATES",False,False,False,
325,ATHLON LLC,"DECATHLON LEASING, LLC",604 704 760,1423468,"15720 W 108TH ST, LENEXA, KS, 66219-1338, UNITED STATES",False,False,False,
326,ATHLON LLC,"DECATHLON RESOURCES, L.L.C.",602 401 772,648260,"101 W NORTH RIVER DR, SPOKANE, WA, 99201, UNITED STATES",False,False,False,
327,ATHLON LLC,"DECATHLON, INC.",601 560 469,139707,"27114 46TH AVE S, KENT, WA, 98032-7147, UNITED STATES",False,False,False,
328,ATHLON LLC,ELEVEN TRIATHLON COACHING & RACING LLC,603 310 334,668573,"2795 152ND AVENUE NORTHEAST, REDMOND, WA, 98052, UNITED STATES",False,False,False,
329,ATHLON LLC,FAST FORWARD TRIATHLON LLC,603 315 936,120399,"1710-B DEXTER AVE NORTH, SEATTLE, WA, 98109, UNITED STATES",False,False,False,
330,ATHLON LLC,HEART OF THE SOUND TRIATHLON,602 395 821,747907,"17228 WESTSIDE HWY SW, VASHON, WA, 98070-4410, UNITED STATES",False,False,False,
331,ATHLON LLC,INDOOR TRIATHLON USA LLC,603 404 111,242385,"617 NE RAVENNA BLVD, SEATTLE, WA, 98115, UNITED STATES",False,False,False,
332,ATHLON LLC,LAKE WHATCOM TRIATHLON,604 030 089,288338,"2219 RIMLAND DR STE 301, BELLINGHAM, WA, 98226, UNITED STATES",False,False,False,
333,ATHLON LLC,LAKE WILDERNESS TRIATHLON LLC,603 268 967,800777,"20039 SE 244TH ST, MAPLE VALLEY, WA, 98038, UNITED STATES",False,False,False,
334,ATHLON LLC,NATIONAL SCIENCE DECATHLON,602 534 553,344183,"2735 NE 184TH PL, LAKE FOREST PARK, WA, 98155, UNITED STATES",False,False,False,
335,ATHLON LLC,NEW ATHLON AMERICA MANAGEMENT LLC,603 590 582,851591,"8830 41ST AVE S, SEATTLE, WA, 98118-4830, UNITED STATES",False,False,False,
336,ATHLON LLC,RITZVILLE TRIATHLON,604 276 999,1206135,"2197 E HEINEMAN RD, RITZVILLE, WA, 99169-9632, UNITED STATES",False,False,False,
337,ATHLON LLC,ROCKSTEADY JUNIOR TRIATHLON CLUB,603 164 171,913898,"1201 PACIFIC AVE #1200, TACOMA, WA, 98402, UNITED STATES",False,False,False,
338,FAIRFIELD LAKE CITY LP,FAIRFIELD LAKE CITY LP,604 530 057,1321446,"5355 MIRA SORRENTO PL, SUITE 100, SAN DIEGO, CA, 92121-3803, UNITED STATES",False,False,False,
339,FSC LAKE CITY ASSOCIATES LLC,"FSC LAKE CITY ASSOCIATES, LLC",603 222 827,715092,"12500 -12520 LAKE CITY WAY, SEATTLE, WA, 98125-0000, UNITED STATES",False,False,False,
340,SOLARA SEATTLE APARTMENTS LLC,"SOLARA SEATTLE APARTMENTS LESSEE, LLC",604 813 357,1498425,"660 NEWPORT CENTER DR STE 1300, NEWPORT BEACH, CA, 92660-6492, UNITED STATES",True,False,False,
341,SOLARA SEATTLE APARTMENTS LLC,"SOLARA SEATTLE APARTMENTS, LLC",604 794 783,1486848,"660 NEWPORT CENTER DR STE 1300, NEWPORT BEACH, CA, 92660-6492, UNITED STATES",True,False,False,
342,LAKE CITY WAY 137 ASSOCIATES LLC,LAKE CITY WAY 137 ASSOCIATES LLC,602 783 290,286226,"14400 TUKWILA INTERNATIONAL BLVD STE 100, TUKWILA, WA, 98168-4419, UNITED STATES",False,False,False,
343,PROMENADE LAKE CITY LLC,"PROMENADE LAKE CITY, LLC",603 269 329,387606,"219 E GARFIELD ST STE 600, SEATTLE, WA, 98102-3785, UNITED STATES",False,False,False,
344,VILLA APPIA LLC,"VILLA APPIA, LLC",602 130 547,1081733,"12300 31ST AVE NE STE A, SEATTLE, WA, 98125-5555, UNITED STATES",False,False,False,
345,ORIGIN APARTMENT INVESTORS LLC,"ORIGIN APARTMENT INVESTORS, LLC",604 254 888,1198300,"1900 S NORFOLK ST STE 225, SAN MATEO, CA, 94403-1166, UNITED STATES",False,False,False,
346,LAKE CITY PROJECT ASSOCIATES,LAKE CITY PROJECT ASSOCIATES LLC,603 058 397,785289,"9500 ROOSEVELT WAY NE STE 300, SEATTLE, WA, 98115-2253, UNITED STATES",False,False,False,
347,NORTHGATE 3 LLC,NORTHGATE 3 LLC,604 135 039,875287,"330 112TH AVE NE STE 200, BELLEVUE, WA, 98004-5800, UNITED STATES",True,False,False,
348,NORTHGATE 3 LLC,NORTHGATE 11316 LLC,603 406 335,371869,,False,False,False,
349,NORTHGATE 3 LLC,NORTHGATE 534 LLC,602 838 987,858564,"8517 SE 79TH PL, MERCER ISLAND, WA, 98040-5716, UNITED STATES",False,False,False,
350,NORTHGATE 3 LLC,UXI NORTHGATE WAY 8313 LLC,604 799 474,1487013,"1215 4TH AVE STE 600, SEATTLE, WA, 98161-1084, UNITED STATES",False,False,False,
351,NORTHGATE 3 LLC,WPDC NORTHGATE 3 MANAGER LLC,604 147 213,1163416,"330 112TH AVE NE STE 200, BELLEVUE, WA, 98004-5800, UNITED STATES",True,False,False,
352,13355 LAKE CITY WAY NE ASSOCIATES,"13355 LAKE CITY WAY NE ASSOCIATES, LLC",602 468 070,1743,"13355 LAKE CITY WAY NE, SEATTLE, WA, 98125, UNITED STATES",False,False,False,
353,SCHARMACH SEATTLE LLC,"SCHARMACH SEATTLE, LLC",602 830 375,420006,"3901 20TH ST E, FIFE, WA, 98424, UNITED STATES",False,False,False,
354,NE 130TH ST LLC,NE 130TH ST LLC,604 972 922,1597780,"100 WILSHIRE BLVD STE 1400, SANTA MONICA, CA, 90401-1196, UNITED STATES",False,False,False,
355,NE 130TH ST LLC,"2115 NE 130TH STREET, LLC",604 503 122,1304694,"PO BOX 257, OLYMPIA, WA, 98507-0257, UNITED STATES",False,False,False,
356,NE 130TH ST LLC,"5107 NE 130TH ST. WA, LLC",605 073 888,1640202,"100 N HOWARD ST STE R, SPOKANE, WA, 99201-0508, UNITED STATES",False,False,False,
357,NORTHGATE STORAGE LLC,NORTHGATE STORAGE LLC,602 681 533,895875,"6619 132ND AVE NE # 270, KIRKLAND, WA, 98033-8627, UNITED STATES",False,False,False,
358,FRED MEYER STORES INC,"FRED MEYER STORES, INC.",602 225 793,703970,,False,False,False,
359,FRED MEYER STORES INC,"FRED MEYER STORES, INC.",602 342 738,684527,"1014 VINE STREET, CINCINNATI, OH, 45202, UNITED STATES",False,False,False,
360,QUINTON PROPERTIES LLC,QUINTON PROPERTIES LLC,602 456 952,395719,"1003 221ST AVE SE, SAMMAMISH, WA, 98075-7114, UNITED STATES",False,False,False,
361,QUINTON PROPERTIES LLC,QUINTON ATWOOD PROPERTIES LLC,603 134 833,399620,"117 N 39TH PL, MOUNT VERNON, WA, 98273-9403, UNITED STATES",False,False,False,
362,DB FIVE SEATTLE GROCERY LLC,"DB FIVE SEATTLE GROCERY, LLC",604 271 305,1199155,"3131 TURTLE CREEK BLVD FL 11, DALLAS, TX, 75219-5405, UNITED STATES",False,False,False,
363,26TH AVENUE BUILDING LLC,"26TH AVENUE BUILDING, LLC",602 973 737,6692,"8806 ROOSEVELT WAY NE, SEATTLE, WA, 98115-3042, UNITED STATES",False,False,False,
364,LAKE CITY 5 LLC,"LAKE CITY 5, LLC",603 442 618,279994,"11525 LAKE CITY WAY NE, SEATTLE, WA, 98125-5327, UNITED STATES",False,False,False,
365,SALTY'S PROPERTIES II L L C,SALTY'S PROPERTIES II L.L.C.,601 770 153,1147466,"1936 HARBOR AVE SW, SEATTLE, WA, 98126-2031, UNITED STATES",False,False,False,
366,WCSD 9601 35TH AVE SW LLC,WCSD 9601 35TH AVE SW LLC,603 455 615,1076296,"600 WILSHIRE BLVD, SUITE 200, LOS ANGELES, CA, 90017-3212, UNITED STATES",False,False,False,
367,SNR 24 BRIDGE PARK OWNER LLC,SNR 24 BRIDGE PARK OWNER LLC,603 474 129,438251,"500 NORTH HURSTBOURNE PARKWAY, SUITE 200, LOUISVILLE, KY, KY, 40222, UNITED STATES",False,False,False,
368,TRINITY WEST SEATTLE,TRINITY WEST SEATTLE,603 451 811,1054987,"4120 SW 102ND ST, SEATTLE, WA, 98146-3660, UNITED STATES",False,False,False,
369,DPE INVESTMENTS LLC,"DPE INVESTMENTS, LLC",602 114 682,659220,,False,True,True,
370,DPE INVESTMENTS LLC,JUDD AND PETERSON INVESTMENT GROUP LLC,602 811 895,252611,"6315 S 298TH PL, AUBURN, WA, 98001, UNITED STATES",False,False,False,
371,DPE INVESTMENTS LLC,"MADPEY INVESTMENTS, LLC",605 078 653,1639516,"18529 N ATLANTIC RD, COLBERT, WA, 99005-9276, UNITED STATES",False,False,False,
372,DPE INVESTMENTS LLC,NORTH VEI VENTURES LLC,602 114 682,659220,"801 2ND AVE, STE 1415, SEATTLE, WA, 98104-1517, UNITED STATES",False,True,True,
373,DPE INVESTMENTS LLC,"WILLARD PENNELL FAMILY INVESTMENTS, LLC",601 946 718,520612,"6318 S WOODLAND CT, SPOKANE, WA, 99224, UNITED STATES",False,False,False,
374,KISH LLC,AHISKA-TURKISH CULTURE CENTER,604 063 393,20154,"24415 104TH AVE SE, KENT, WA, 98030-4968, UNITED STATES",False,False,False,
375,KISH LLC,ALKI SHORES CONDOMINIUM ASSOCIATION,601 732 594,539874,"1661 HARBOR AVE SW STE 100, SEATTLE, WA, 98126-2084, UNITED STATES",False,False,False,
376,KISH LLC,"ALKI SHORES, LLC",602 279 761,535459,"200 1ST AVE W STE 520, STE 520, SEATTLE, WA, 98119-4298, UNITED STATES",False,False,False,
377,KISH LLC,ALKI SHORT PLAT 2018-0030 HOMEOWNER'S ASSOCIATION,604 533 814,1319312,"320 S SULLIVAN RD, SPOKANE VLY, WA, 99037-8835, UNITED STATES",False,False,False,
378,KISH LLC,"AMAN RAJ KISHORE & ROSLYN SANGETA LATCHMAN, LLP",604 788 133,1480491,"15720 MANOR WAY APT H1, LYNNWOOD, WA, 98087-6248, UNITED STATES",False,False,False,
379,KISH LLC,"AMERICAN TURKISH MILL, LLC",603 028 985,40324,"515 – 116TH AVENUE NE, SUITE 120, BELLEVUE, WA, 98004, UNITED STATES",False,False,False,
380,KISH LLC,AMERICAN-TURKISH ACADEMY OF WASHINGTON,603 360 871,541147,"12212 PHINNEY AVE N, SEATTLE, WA, 98133-8136, UNITED STATES",False,False,False,
381,KISH LLC,AWAKISH CORPORATION,603 338 622,231871,"GENERALSVAGEN 52, OSTERSKAR, OTHER, SE 184 51, SWEDEN",False,False,False,
382,KISH LLC,"BOOKISH LEARNING, LLC",604 657 143,1386226,"1401 4TH AVE E STE 201, OLYMPIA, WA, 98506-4484, UNITED STATES",False,False,False,
383,KISH LLC,"BRACKISH ARTS, LLC",604 933 103,1569546,"21 JEWEL LN, MONTESANO, WA, 98563-8900, UNITED STATES",False,False,False,
384,KISH LLC,BRACKISH CABINS LLC,603 501 300,72854,"1525 MELROSE AVE, SEATTLE, WA, 98122, UNITED STATES",False,False,False,
385,KISH LLC,BRACKISH CYCLES LLC,604 976 730,1601722,"405 N STATE ST, BELLINGHAM, WA, 98225-5327, UNITED STATES",True,False,False,
386,KISH LLC,BRACKISH DESIGN LLC,604 821 977,1504469,"405 N STATE ST, BELLINGHAM, WA, 98225-5327, UNITED STATES",True,False,False,
387,KISH LLC,BRACKISH LLC,603 128 036,585129,,True,False,False,
388,KISH LLC,"BRACKISH PROPERTIES, LLC",602 886 342,1100987,"700 S RIVERSIDE DR, SEATTLE, WA, 98108-4364, UNITED STATES",False,False,False,
389,KISH LLC,DAWN DAKISHA JACKSON CORPORATION,604 645 644,1379239,,True,False,False,
390,KISH LLC,"DINA, KIRIT & KISHAN MISTRY LLP",603 469 936,128255,"2634 N 4TH AVE, PASCO, WA, 99301, UNITED STATES",False,False,False,
391,KISH LLC,GLACIER SKI SHOP LLC,603 066 498,183970,"9966 MT BAKER HWY, DEMING, WA, 98244-9537, UNITED STATES",False,False,False,
392,KISH LLC,JUSTIN TALKISH COUNSELING PLLC,604 825 345,1504534,"7633 S 126TH ST, APT#78182, SEATTLE, WA, 98178-0808, UNITED STATES",False,False,False,
393,KISH LLC,KI SHREDD,603 270 130,781742,"991 NE MARWOOD DR, BREMERTON, WA, 98311, UNITED STATES",False,False,False,
394,KISH LLC,"KIKISHA, LIMITED",603 577 866,795981,"12840 76TH AVE NE, KIRKLAND, WA, 98034, UNITED STATES",False,False,False,
395,KISH LLC,"KIM KISH CONSULTING, LLC",604 264 791,1195149,"10157 SW 263RD ST, VASHON, WA, 98070-8406, UNITED STATES",False,False,False,
396,KISH LLC,"KINKISHARYO (USA), INC.",602 405 735,796128,"45 SHAWMUT AVE, CANTON, MA, 02021, UNITED STATES",False,False,False,
397,KISH LLC,"KINKISHARYO INTERNATIONAL, L.L.C.",603 504 531,768235,"1960 E GRAND AVE STE 1210, EL SEGUNDO, CA, 90245-5099, UNITED STATES",False,False,False,
398,KISH LLC,"KINKISHARYO INTERNATIONAL, L.L.C.",602 405 736,183282,,True,False,False,
399,ROOSEVELT SQUARE APARTMENTS LLC,"ROOSEVELT SQUARE APARTMENTS, LLC",603 252 360,952448,"1800 WESTLAKE NORTH, SUITE 305, SEATTLE, WA, 98109, UNITED STATES",False,False,False,
400,KIMBERLY APARTMENTS LLC,KIMBERLY APARTMENTS LLC,602 280 482,810502,"8806 ROOSEVELT WAY NE, SEATTLE, WA, 98115-3042, UNITED STATES",False,False,False,
401,RIVIERA NORTHGATE APARTMENTS LLC,"RIVIERA NORTHGATE APARTMENTS, LLC",602 491 438,1145795,"12537 15TH AVE NE STE 204, SEATTLE, WA, 98125-3979, UNITED STATES",False,False,False,
402,PINEHURST LLC,"11319 PINEHURST, LLC",602 039 006,1943,"11319 PINEHURST WAY NE, SEATTLE, WA, 98125, UNITED STATES",False,False,False,
403,PINEHURST LLC,11737 PINEHURST LLC,602 319 327,2206,"8806 ROOSEVELT WAY NE, SEATTLE, WA, 98115-3042, UNITED STATES",False,False,False,
404,PINEHURST LLC,12012 PINEHURST WAY NE TRIO CONDOMINIUM ASSOCIATION,604 732 045,1442775,"12012 PINEHURST WAY NE UNIT B, SEATTLE, WA, 98125, UNITED STATES",False,False,False,
405,PINEHURST LLC,12014 A&D LLC,604 509 980,1310174,"4507 SUNNYSIDE AVE N, SUITE D, SEATTLE, WA, 98103-6954, UNITED STATES",False,True,True,
406,PINEHURST LLC,12014 PINEHURST A&D LLC,604 509 980,1310174,,True,True,True,
407,PINEHURST LLC,"210 PINEHURST, LLC",604 582 637,1343865,"4501 NE 47TH ST, SEATTLE, WA, 98105-3810, UNITED STATES",False,False,False,
408,PINEHURST LLC,"5149 PINEHURST, LLC",604 579 206,1339402,"1510 ARIA CT, WEST RICHLAND, WA, 99353-5504, UNITED STATES",True,False,False,
409,PINEHURST LLC,"5245 PINEHURST, LLC",604 579 205,1339399,"1510 ARIA CT, WEST RICHLAND, WA, 99353-5504, UNITED STATES",True,False,False,
410,PINEHURST LLC,BOILEAU PROPERTIES PINEHURST L.L.C.,602 231 214,70265,"47 ST HELENS AVE, TACOMA, WA, 98402-2604, UNITED STATES",False,False,False,
411,PINEHURST LLC,"CHACKO PINEHURST, LLC",604 279 377,1208662,"14326 37TH AVE NE, SEATTLE, WA, 98125-3735, UNITED STATES",False,False,False,
412,PINEHURST LLC,"EAB PINEHURST, LLC",604 951 564,1586994,"7411 334TH AVE SE, FALL CITY, WA, 98024-6728, UNITED STATES",False,False,False,
413,PINEHURST LLC,KB PINEHURST LIMITED PARTNERSHIP,601 430 235,276187,,True,False,False,
414,PINEHURST LLC,"PINEHURST 2005, LLC",604 088 217,889544,,True,False,False,
415,PINEHURST LLC,PINEHURST 204 CONDOMINIUM OWNERS ASSOCIATION,602 610 814,241616,"204 PINEHURST DR SW, #103, TUMWATER, WA, 98501-4500, UNITED STATES",False,False,False,
416,PINEHURST LLC,PINEHURST 75 LLC,605 134 213,1645307,"2825 EASTLAKE AVE E STE 220, SEATTLE, WA, 98102-3085, UNITED STATES",True,False,False,
417,PINEHURST LLC,PINEHURST 75 MANAGER LLC,605 033 030,1636786,"2825 EASTLAKE AVE E STE 220, SEATTLE, WA, 98102-3085, UNITED STATES",True,False,False,
418,PINEHURST LLC,PINEHURST 9108 LLC,604 092 264,1141247,"5705 181ST PL SW, LYNNWOOD, WA, 98037, UNITED STATES",False,False,False,
419,PINEHURST LLC,PINEHURST APARTMENTS LLC,602 169 547,400020,"8806 ROOSEVELT WAY NE, SEATTLE, WA, 98165-0000, UNITED STATES",False,False,False,
420,PINEHURST LLC,PINEHURST AT HIGH CEDARS HOMEOWNERS ASSOCIATION,601 707 218,910897,"14719 155TH ST E #B, ORTING, WA, 98360, UNITED STATES",False,False,False,
421,PINEHURST LLC,PINEHURST AT WALDENWOOD HOMEOWNERS' ASSOCIATION,601 925 251,910898,"16300 MILL CREEK BLVD STE 201, MILL CREEK, WA, 98012, UNITED STATES",False,False,False,
422,PINEHURST LLC,PINEHURST BAPTIST CHURCH,601 144 791,372915,"1902 MADISON ST, EVERETT, WA, 98203-5315, UNITED STATES",False,False,False,
423,PINEHURST LLC,"PINEHURST CONTROLS & MAINTENANCE, LLC",604 074 856,893060,"1913 WALNUT ST, EVERETT, WA, 98201-2608, UNITED STATES",False,False,False,
424,PINEHURST LLC,PINEHURST COURT LIMITED PARTNERSHIP,601 115 842,889545,,True,False,False,
425,PINEHURST LLC,"PINEHURST DEVELOPMENT, LLC",602 500 457,381173,"120 W CATALDO AVE, STE 100, SPOKANE, WA, 99201-3211, UNITED STATES",False,False,False,
426,PINEHURST LLC,PINEHURST EAST CONDOMINIUM ASSOCIATION,601 799 387,879611,"505 203RD PL SW, LYNNWOOD, WA, 98036-7659, UNITED STATES",False,False,False,
427,MGRE 10522 LCW LLC,"MGRE 10522 LCW, LLC",603 290 247,820084,"10522 LAKE CITY WAY NE, SEATTLE, WA, 98125-7765, UNITED STATES",False,False,False,
428,MCGUIRE COURT ASSOCIATES,MCGUIRE COURT ASSOCIATES LLP,602 918 258,345971,"16400 SE 48TH CT, BELLEVUE, WA, 98006, UNITED STATES",False,False,False,
429,PILAT LLC,"4I PILATES, LLC",603 210 113,7555,"5201 77TH AVE CT W, UNIVERSITY PLACE, WA, 98467, UNITED STATES",False,False,False,
430,PILAT LLC,"ACCENT PILATES, LLC",604 368 037,1246090,"24018 SE 11TH PL, SAMMAMISH, WA, 98075-8136, UNITED STATES",False,False,False,
431,PILAT LLC,"ACTIVE BODY PILATES, LLC",603 081 218,453998,"1445 NW MALL ST STE 3, ISSAQUAH, WA, 98027-7900, UNITED STATES",False,False,False,
432,PILAT LLC,AGELESS MOVEMENT PILATES LLC,604 051 175,495651,,True,False,False,
433,PILAT LLC,ALIGN PILATES LLC,604 568 197,1336486,"107 S 1ST ST STE 104, YAKIMA, WA, 98901-2801, UNITED STATES",False,False,False,
434,PILAT LLC,ALIGN PILATES SEATTLE LLC,604 286 561,1213461,"7509 24TH AVE NW, SEATTLE, WA, 98117-4404, UNITED STATES",False,False,False,
435,PILAT LLC,ALIGN PILATES STUDIO LLC,604 220 237,1181162,"1968 N SPRINGFIELD CT, BELLINGHAM, WA, 98229, UNITED STATES",False,False,False,
436,PILAT LLC,"ALISON FRANCO PILATES, LLC",603 542 448,22823,"930 TAHOE BLVD #802-#281, INCLINE VILLAGE, NV, 89451, UNITED STATES",False,False,False,
437,PILAT LLC,ALIVE WELL PILATES LLC,603 615 610,22829,"5340 NW BALLARD AVE, SEATTLE, WA, 98107, UNITED STATES",False,False,False,
438,PILAT LLC,ALL BODIES PILATES WITH SARA LLC,604 763 448,1464292,,True,False,False,
439,PILAT LLC,ANELODY TICE. PILATES & CRANIOSACRAL LLC,604 162 547,551313,"16807 119TH PL NE, BOTHELL, WA, 98011-5462, UNITED STATES",False,False,False,
440,PILAT LLC,ANGELINA PILATES LLC,603 333 450,546421,"17204 NE 115TH CT, REDMOND, WA, 98052-2284, UNITED STATES",False,False,False,
441,PILAT LLC,ARA PILATES LLC,604 125 225,550076,"1607 DEXTER AVE N, SEATTLE, WA, 98109, UNITED STATES",False,False,False,
442,PILAT LLC,ATLAS PILATES LLC,602 889 621,557368,"5626 40TH AVE W, SEATTLE, WA, 98199-1035, UNITED STATES",False,False,False,
443,PILAT LLC,AUTHENTIC PILATES LLC,603 145 047,1097477,"620 NORTH C STREET, TACOMA, WA, 98403, UNITED STATES",False,False,False,
444,PILAT LLC,"AUTUMN NEEDLES PILATES AND FITNESS, LLC",604 548 181,1392366,"8329 EARL AVE NW, SEATTLE, WA, 98117-4531, UNITED STATES",False,False,False,
445,PILAT LLC,BACKBONE PILATES LLC,604 633 075,1374479,"348 N 80TH ST, SEATTLE, WA, 98103-4212, UNITED STATES",False,False,False,
446,PILAT LLC,BACKCOUNTRY PILATES INC.,604 725 005,1434524,"317 MARTIN LUTHER KING JR WAY S, SEATTLE, WA, 98144-2435, UNITED STATES",False,False,False,
447,PILAT LLC,"BALANCE IN MOTION PILATES STUDIO, LLC",602 825 972,562071,"4800 FREEMONT AVENUE N #106, SEATTLE, WA, 98103, UNITED STATES",False,False,False,
448,PILAT LLC,BALANCE PILATES LLC,604 849 113,1517190,"17430 NE 33RD ST, REDMOND, WA, 98052-5755, UNITED STATES",False,False,False,
449,PILAT LLC,BALANCE POINT PILATES LLC,604 674 547,1403914,"610 SW FERNWOOD ST, ISSAQUAH, WA, 98027-4507, UNITED STATES",False,False,False,
450,PILAT LLC,BALANCED BEING PILATES LLC,603 220 728,71420,"3453 CALIFORNIA AVENUE SW, SEATTLE, WA, 98116, UNITED STATES",False,False,False,
451,PILAT LLC,BALANCED BODY MASSAGE AND PILATES INC.,603 394 457,1098225,"17901 BOTHELL EVERETT HWY, SUITE F105, BOTHELL, WA, 98012, UNITED STATES",False,False,False,
452,PILAT LLC,"BALLARD PILATES, LLC",602 988 756,547593,"2026 NORTHWEST MARKET STREET, SEATTLE, WA, 98107, UNITED STATES",False,False,False,
453,PILAT LLC,"BANCROFT PILATES, L.L.C.",603 082 662,567522,"11107 NW 9TH AVE, VANCOUVER, WA, 98685, UNITED STATES",False,False,False,
454,K GROUP VILLAGER LLC,THE K GROUP VILLAGER LLC,601 958 504,1001195,"2700 NE 125TH ST, SEATTLE, WA, 98125-4351, UNITED STATES",False,False,False,
455,ACME WMR PARK 3025 LLC,ACME WMR PARK 3025 LLC,604 229 744,1186046,"7417 W MERCER WAY, MERCER ISLAND, WA, 98040-5536, UNITED STATES",False,False,False,
456,INVESTMENTS LLC,	MILITELLO INVESTMENTS LLC,604 598 424,1350005,"4515 205TH PL NE, SAMMAMISH, WA, 98074, UNITED STATES",False,False,False,
457,INVESTMENTS LLC, J B INVESTMENTS LLC,604 455 735,1286535,"475 SE PROSPECT STREET, CHEHALIS, WA, 98532, UNITED STATES",False,False,False,
458,INVESTMENTS LLC, KATE BLACKSTONE  LLC,603 548 486,313189,"PO BOX 257, OLYMPIA, WA, 98507-0257, UNITED STATES",False,False,False,
459,INVESTMENTS LLC,"""JACOBS PRIDE INVESTMENTS, A LIMITED PARTNERSHIP""",602 034 860,506,,True,False,False,
460,INVESTMENTS LLC,"""LODI"" INVESTMENTS LLC",602 525 605,509,,True,False,False,
461,INVESTMENTS LLC,"""THE SIG. CORP."" THE SKAGIT INVESTMENT GROUP, CORP.",602 334 743,496,"31206 PREVEDAL RD, SEDRO WOOLLEY, WA, 98264, UNITED STATES",False,False,False,
462,INVESTMENTS LLC,"'OHANA X 4 INVESTMENT, INC",602 756 313,1014,"127 MASHELL AVE N, EATONVILLE, WA, 98328-8936, UNITED STATES",False,False,False,
463,INVESTMENTS LLC,(7) SEVEN (7) SEVEN (7) SEVEN (7) INVESTMENT GROUP LLC,603 514 771,720,"12714 VALLEY AVE E STE B, SUMNER, WA, 98390-1521, UNITED STATES",False,False,False,
464,INVESTMENTS LLC,(I) EXPERT INVESTMENT PROPERTIES LLC,602 665 895,596173,"3925 NE 72ND AVE STE 100, VANCOUVER, WA, 98661-7367, UNITED STATES",False,False,False,
465,INVESTMENTS LLC,"0 RUNGE AVE INVESTMENT, LLC",604 668 256,1400893,"13701 W JEWELL AVE STE 200-28, LAKEWOOD, CO, 80228, UNITED STATES",False,False,False,
466,INVESTMENTS LLC,"0420 INVESTMENTS, LLLP",603 326 621,650,,True,True,True,
467,INVESTMENTS LLC,"0420 INVESTMENTS, LP",603 326 621,650,"10611 N HAYDEN RD STE D-101, SUITE D-101, SCOTTSDALE, AZ, 85260-8530, UNITED STATES",False,True,True,
468,INVESTMENTS LLC,1 ABS INVESTMENTS LLC,602 627 282,457974,,True,False,False,
469,INVESTMENTS LLC,"1 ADVANCED TRADING AND INVESTMENTS, LLC",603 341 327,599243,"29224 52ND AVE S, AUBURN, WA, 98001, UNITED STATES",False,False,False,
470,INVESTMENTS LLC,1 FAMILY INVESTMENTS LLC,605 014 821,1624622,"2010 CATON WAY SW STE 101, OLYMPIA, WA, 98502-1228, UNITED STATES",False,False,False,
471,INVESTMENTS LLC,1% INVESTMENTS LLC,603 326 266,1500,"218 MARK E REED WAY UNIT 1399, SHELTON, WA, 98584-5765, UNITED STATES",False,False,False,
472,INVESTMENTS LLC,10 PLUS INVESTMENT LLC,604 181 547,4676,"12809 SE 301ST ST, AUBURN, WA, 98092-2187, UNITED STATES",False,False,False,
473,INVESTMENTS LLC,100 BETHEL INVESTMENT PARTNERS LLC,604 312 409,1219989,"3711 SW FIRDRONA LN S, PORT ORCHARD, WA, 98367-6908, UNITED STATES",False,False,False,
474,INVESTMENTS LLC,1007 INVESTMENTS LLC,603 597 663,4743,"12119 137TH AVE E, PUYALLUP, WA, 98374, UNITED STATES",False,False,False,
475,INVESTMENTS LLC,100TH AVENUE INVESTMENTS LLC,604 719 883,1438076,"STE 300 - 911 HOMER ST, VANCOUVER, BC, V63 2W6, CANADA",False,False,False,
476,INVESTMENTS LLC,101 INVESTMENT LLC,604 932 909,1569570,"4048 E MERCER WAY, MERCER ISLAND, WA, 98040-3822, UNITED STATES",False,False,False,
477,INVESTMENTS LLC,"101 KENWOOD, LLC",604 211 793,1176167,"101 KENWOOD ST, WALLA WALLA, WA, 99362-1627, UNITED STATES",False,False,False,
478,INVESTMENTS LLC,1012 INVESTMENT GROUP LLC,604 759 152,1459704,"1510 SE SHADOWOOD DR, PORT ORCHARD, WA, 98367-9356, UNITED STATES",False,False,False,
479,INVESTMENTS LLC,1017 INVESTMENTS LLC,603 566 102,1141,"220 ST JAMES CT, LONGVIEW, WA, 98632, UNITED STATES",False,False,False,
480,INVESTMENTS LLC,102 HARVARD GP INVESTMENT LLC,604 305 679,1225542,"1700 WESTLAKE AVE N STE 200, SEATTLE, WA, 98109-6212, UNITED STATES",False,False,False,
481,YOSHIKAWA REVERSE L L C,YOSHIKAWA REVERSE LLC,602 329 355,1070501,"2416 32ND AVE W, SEATTLE, WA, 98199-3202, UNITED STATES",False,False,False,
482,CRE NORTH SEATTLE PARTNERS LLC,CRE NORTH SEATTLE PARTNERS LLC,604 765 675,1467695,"2930 WESTLAKE AVE N STE 100, SEATTLE, WA, 98109-1968, UNITED STATES",False,False,False,
483,PRE LAKE CITY 26 LLC,PRE LAKE CITY 26 LLC,604 017 818,916274,"150 NICKERSON ST STE 211, SEATTLE, WA, 98109-1634, UNITED STATES",False,False,False,
484,THORNTON CREEK APARTMENTS LLC,THORNTON CREEK APARTMENTS LLC,604 532 877,1327119,"2825 EASTLAKE AVE E STE 200, SEATTLE, WA, 98102-3085, UNITED STATES",False,False,False,
485,WILLOWS COURT LLC,"DGM WILLOW COURT, L.L.C",601 824 687,126655,,True,False,False,
486,WILLOWS COURT LLC,"FSF WILLOW COURT ASSOCIATES, L.L.C.",601 824 688,706455,,True,False,False,
487,WILLOWS COURT LLC,WILLOW COURT APARTMENTS LLC,604 127 765,1062977,"911 S 48TH AVE APT A, YAKIMA, WA, 98908, UNITED STATES",False,False,False,
488,WILLOWS COURT LLC,WILLOW COURT HOMEOWNERS ASSOCIATION,604 919 483,1566266,,True,False,False,
489,WILLOWS COURT LLC,"WILLOWS COURT, L.L.C.",602 046 142,331604,"219 E GARFIELD ST STE 600, SEATTLE, WA, 98102-3785, UNITED STATES",False,False,False,
490,12040 28TH AVENUE LLC,"12040 28TH AVENUE, LLC",603 509 282,2066,"6043 TAMPA AVE STE 101A, TARZANA, CA, 91356-1194, UNITED STATES",False,False,False,
491,HUP LINK-14 LLC,HUP LINK-14 LLC,604 538 288,1327446,"9750 3RD AVE NE STE 303, SEATTLE, WA, 98115-2022, UNITED STATES",False,False,False,
492,LAKE CITY ASSOCIATES L L C,"13355 LAKE CITY WAY NE ASSOCIATES, LLC",602 468 070,1743,"13355 LAKE CITY WAY NE, SEATTLE, WA, 98125, UNITED STATES",False,False,False,
493,LAKE CITY ASSOCIATES L L C,"9105 LAKE CITY WAY ASSOCIATES, L.L.C.",601 719 645,8276,,True,False,False,
494,LAKE CITY ASSOCIATES L L C,"FSC LAKE CITY ASSOCIATES, LLC",603 222 827,715092,"12500 -12520 LAKE CITY WAY, SEATTLE, WA, 98125-0000, UNITED STATES",False,False,False,
495,LAKE CITY ASSOCIATES L L C,LAKE CITY ASSOCIATES LLC,602 149 976,313692,"5760 ASHWORTH AVE N, SEATTLE, WA, 98103-5918, UNITED STATES",False,False,False,
496,LAKE CITY ASSOCIATES L L C,LAKE CITY PROJECT ASSOCIATES LLC,603 058 397,785289,"9500 ROOSEVELT WAY NE STE 300, SEATTLE, WA, 98115-2253, UNITED STATES",False,False,False,
497,LAKE CITY ASSOCIATES L L C,LAKE CITY SENIOR HOUSING ASSOCIATES LIMITED PARTNERSHIP,602 558 604,785290,"14400 TUKWILA INTERNATIONAL BLVD STE 100, TUKWILA, WA, 98168-4419, UNITED STATES",True,False,False,
498,LAKE CITY ASSOCIATES L L C,LAKE CITY WAY 137 ASSOCIATES LLC,602 783 290,286226,"14400 TUKWILA INTERNATIONAL BLVD STE 100, TUKWILA, WA, 98168-4419, UNITED STATES",True,False,False,
499,LAKE CITY ASSOCIATES L L C,LAKECITY ASSOCIATES LIMITED PARTNERSHIP,601 162 192,804029,,True,False,False,
500,MILLS EVANSTON LLC,"MILLS EVANSTON, LLC",602 157 379,847828,"11002 35TH AVE NE, SEATTLE, WA, 98125-6800, UNITED STATES",False,False,False,
501,EDERLING L L C,EDERLING L.L.C.,601 759 226,110023,"8210 SE 65TH ST, MERCER ISLAND, WA, 98040-5204, UNITED STATES",False,False,False,
502,MIKE AND LISA KELLEY LLC,"MIKE AND LISA KELLEY, L.L.C.",602 479 550,333155,"1526 NE 143RD ST, SEATTLE, WA, 98125-3239, UNITED STATES",False,False,False,
503,PLAZA 15 LLC,"LINCOLN PLAZA TIC 15, LLC",602 599 677,814282,"96 CORPORATE PARK STE 200, IRVINE, CA, 92606, UNITED STATES",False,False,False,
504,PLAZA 15 LLC,PLAZA 15 ASSOCIATES,600 007 805,932930,,False,False,False,
505,PLAZA 15 LLC,PLAZA 15 L.L.C.,602 211 527,378941,"2825 EASTLAKE AVE E STE 250, SEATTLE, WA, 98102-3013, UNITED STATES",False,False,False,
506,ROOSEVELT PARK APARTMENTS LLC,ROOSEVELT PARK APARTMENTS LIMITED PARTNERSHIP,602 921 425,944112,,False,True,True,
507,ROOSEVELT PARK APARTMENTS LLC,"ROOSEVELT PARK APARTMENTS, LLC",602 921 425,944112,"12537 15TH AVE NE STE 204, SEATTLE, WA, 98125, UNITED STATES",False,True,True,
508,HARBOR SQUARE APARTMENTS LLC,HARBOR SQUARE APARTMENTS LLC,604 007 101,144578,"4000 ISLAND BLVD, APARTMENT 2306, AVENTURA, FL, 33160-2533, UNITED STATES",False,False,False,
509,MMJV LLC,"MMJV, LLC",604 647 540,1379193,"9830 SE 35TH PL, MERCER ISLAND, WA, 98040-3150, UNITED STATES",False,False,False,
510,HR ACQUISITION I CORPORATION,HR ACQUISITION I CORPORATION,601 773 559,262237,,False,True,True,
511,HR ACQUISITION I CORPORATION,"HR ACQUISITION I, LLC",601 773 559,262237,"3310 WEST END AVE STE 700, NASHVILLE, TN, 37203-1097, UNITED STATES",False,True,True,
512,HR I ACQUISITION CORPORATION,"THREE RIVERS ACQUISITIONS, LLC",604 224 478,1183633,"216 W CURTIS ST, ABERDEEN, WA, 98520-7746, UNITED STATES",False,False,False,
513,11010 GREENWOOD SEATTLE LLC,"11010 GREENWOOD SEATTLE, LLC",604 087 014,5123,"1913 14TH AVE E, SEATTLE, WA, 98112-2801, UNITED STATES",False,False,False,
514,SUMMER AURORA LLC,"SUMMER AURORA, LLC",604 150 557,1025550,"11258 RIVIERA PL NE, SEATTLE, WA, 98125-5959, UNITED STATES",False,False,False,
515,BROADVIEW DEVELOPMENT ASSOC II,"BROADVIEW DEVELOPMENT ASSOCIATES II,A LIMITED PARTNERSHIP",601 201 209,585202,"400 UNION ST, SEATTLE, WA, 98101, UNITED STATES",False,False,False,
516,NORTHPARK VILLAGE L.L.C,HRA NORTH PARK VILLAGE LLC,602 695 778,747998,"500 ELLIOTT AVE STE A, SEATTLE, WA, 98119, UNITED STATES",False,False,False,
517,NORTHPARK VILLAGE L.L.C,"NORTHPARK VILLAGE, L.L.C.",601 921 367,871710,"10545 GREENWOOD AVE N STE 100, SEATTLE, WA, 98133-8872, UNITED STATES",False,False,False,
518,BROADVIEW 125 LLC,BROADVIEW 125 LLC,602 163 640,75023,"1200 ALKI AVE SW, UNIT 1, SEATTLE, WA, 98116-4883, UNITED STATES",False,False,False,
519,NELSON APARTMENTS LLC,DONNELSON ARLINGTON APARTMENTS LLC,603 148 820,169114,"200 DRIFTWOOD SHORES RD, CAMANO ISLAND, WA, 98282-8486, UNITED STATES",True,False,False,
520,NELSON APARTMENTS LLC,DONNELSON GILMAN APARTMENTS LLC,603 148 691,148718,"15727 JIM CREEK RD, ARLINGTON, WA, 98223, UNITED STATES",False,False,False,
521,NELSON APARTMENTS LLC,DONNELSON MCLEOD APARTMENTS LLC,603 148 808,655640,"200 DRIFTWOOD SHORES RD, CAMANO ISLAND, WA, 98282-8486, UNITED STATES",True,False,False,
522,NELSON APARTMENTS LLC,NELSON ROAD APARTMENTS LLC,603 487 224,864224,"9757 NE JUANITA DR STE 300, KIRKLAND, WA, 98034, UNITED STATES",False,False,False,
523,NELSON APARTMENTS LLC,THE NELSON APARTMENTS LLC,603 237 136,1003400,"6510 SOUTHCENTER BLVD STE 1, TUKWILA, WA, 98188-2549, UNITED STATES",False,False,False,
524,TIME WARPP III LLC,TIME WARPP III LLC,602 715 610,1044574,"2825 EASTLAKE AVE E STE 335, SEATTLE, WA, 98102-3082, UNITED STATES",False,False,False,
525,RISE PROPERTIES WOODLAND POINTE LP,RISE PROPERTIES (WOODLAND POINTE) HOLDINGS INC.,603 406 082,408120,"1518 1ST AVE S FL 5, SEATTLE, WA, 98134-1438, UNITED STATES",True,False,False,
526,RISE PROPERTIES WOODLAND POINTE LP,RISE PROPERTIES (WOODLAND POINTE) LIMITED PARTNERSHIP,603 406 077,399774,"1518 1ST AVE S FL 5, SEATTLE, WA, 98134-1438, UNITED STATES",True,False,False,
527,YSG HOLDINGS CO LTD,"YSG HOLDINGS CO., LTD.",603 511 802,1090671,"13410 GREENWOOD AVE N, SEATTLE, WA, 98133-1800, UNITED STATES",False,False,False,
528,YSG HOLDINGS CO,"YSG HOLDINGS CO., LTD.",603 511 802,1090671,"13410 GREENWOOD AVE N, SEATTLE, WA, 98133-1800, UNITED STATES",False,False,False,
529,AKI 1 LLC,AKI 1 LLC,603 352 588,483181,"1253 S JACKSON ST STE A, SEATTLE, WA, 98144-3075, UNITED STATES",False,False,False,
530,AKI 1 LLC,AKI KUROSE MIDDLE SCHOOL ACADEMY PTSA 6.15.395,601 012 828,31525,"3928 S GRAHAM ST, SEATTLE, WA, 98118-3172, UNITED STATES",False,False,False,
531,AKI 1 LLC,AMERICAN FEDERATION OF TEACHERS YAKIMA 1485,604 664 637,1397942,"NOB HILL AND 16TH AVENUE, YAKIMA, WA, 98902, UNITED STATES",False,False,False,
532,AKI 1 LLC,BEST TERIYAKI 2019 INC,604 471 895,1293621,"812 72ND ST E, TACOMA, WA, 98404-1701, UNITED STATES",False,False,False,
533,AKI 1 LLC,"BOURBAKI 13, INC.",603 446 922,582054,"10012 47TH AVE SW, SEATTLE, WA, 98146, UNITED STATES",False,False,False,
534,AKI 1 LLC,CARNATION ELEMENTARY PTSA KING CO. 2-16-5,601 822 370,591553,"4950 TOLT AVE, CARNATION, WA, 98014-7608, UNITED STATES",False,False,False,
535,AKI 1 LLC,CHERRY VALLEY PTA KING COUNTY 2.16.10,601 597 722,606605,"26701 NE CHERRY VALLEY RD, DUVALL, WA, 98019-8618, UNITED STATES",False,False,False,
536,AKI 1 LLC,COMMITTEE TO RETAIN YAKIMA COUNTY 3/10THS,603 521 882,84173,"15007 TIETON DR, YAKIMA, WA, 98908, UNITED STATES",False,False,False,
537,AKI 1 LLC,"EISENHOWER PTSA, YAKIMA CITY COUNCIL 11.2.110",601 791 582,161157,,True,False,False,
538,AKI 1 LLC,FRATERNAL ORDER OF POLICE AUXILIARY OF YAKIMA VALLEY LODGE NUMBER 10,603 200 536,703829,"PO BOX 10756, YAKIMA, WA, 98909, UNITED STATES",False,False,False,
539,AKI 1 LLC,HAPPY TERIYAKI #11 L.L.C.,602 656 900,215039,"717 RIVER RD, PUYALLUP, WA, 98371, UNITED STATES",False,False,False,
540,AKI 1 LLC,"HOOVER PTA, YAKIMA COUNCIL, 11.2.35",601 197 339,153092,"400 W VIOLA AVE, YAKIMA, WA, 98902, UNITED STATES",False,False,False,
541,AKI 1 LLC,KAMIAKIN SENIOR CLASS PARTY 2010,602 965 360,762552,"268 JOSHUA COURT, KENNEWICK, WA, 99338, UNITED STATES",False,False,False,
542,AKI 1 LLC,KAMIAKIN SENIOR CLASS PARTY 2011,603 049 396,806228,"8119 W. 10TH AVE, KENNEWICK, WA, 99336, UNITED STATES",False,False,False,
543,AKI 1 LLC,KAMIAKIN SENIOR CLASS PARTY 2012,603 147 572,803741,"439 S.BUCHANAN ST., KENNEWICK, WA, 99336, UNITED STATES",False,False,False,
544,AKI 1 LLC,KAMIAKIN SENIOR CLASS PARTY 2013,603 242 992,776547,"4903 S CABALLO RD, KENNEWICK, WA, 99338, UNITED STATES",False,False,False,
545,AKI 1 LLC,LIMANTZAKIS PROPERTIES NO. 1 L.L.C.,601 838 238,791863,"704 NE NORTHLAKE WAY, 100, SEATTLE, WA, 98105-6430, UNITED STATES",False,False,False,
546,AKI 1 LLC,LOWER YAKIMA VALLEY LODGE NO. 2112 OF THE BENEVOLENT AND PROTECTIVE ORDER OF,391 001 364,195281,,True,False,False,
547,AKI 1 LLC,"MAKING MEMORIES 0301, LLC",604 509 360,1310540,"125 N LEGEND TREE DR, LIBERTY LAKE, WA, 99019-7720, UNITED STATES",False,False,False,
548,AKI 1 LLC,MARINE CORPS YAKIMA/KITTITAS VALLEY DETACHMENT # 1055,602 072 701,853155,"5511 DOUGLAS DR, YAKIMA, WA, 98908-2323, UNITED STATES",False,False,False,
549,AKI 1 LLC,"MARTIN-RUTLEDGE YAKIMA 1, LLC",602 350 444,807849,"6116 211TH ST SW # 203, LYNNWOOD, WA, 98036, UNITED STATES",False,False,False,
550,AKI 1 LLC,"NOB HILL PTSA, YAKIMA COUNCIL 11.2.55",601 172 491,863337,"801 S 34TH AVE, YAKIMA, WA, 98902-3932, UNITED STATES",False,False,False,
551,AKI 1 LLC,"NORTH BEND PTA, KING COUNTY, 2.18.20",601 815 358,370195,"400 E 3RD ST, NORTH BEND, WA, 98045-8201, UNITED STATES",False,False,False,
552,AKI 1 LLC,"SPARTAN YAKIMA S. 1ST ST. REAL ESTATE, LLC",603 441 091,980879,"66 WATER ST STE 200, ASHLAND, OR, 97520, UNITED STATES",False,False,False,
553,AKI 1 LLC,"TERRACE HEIGHTS PTA, YAKIMA COUNTY 11.4.30",601 051 112,1011857,"101 N 41ST ST, YAKIMA, WA, 98901-1235, UNITED STATES",False,False,False,
554,LEILANI AT 124 APARTMENTS LLC,LEILANI AT 124 APARTMENTS LLC,603 563 377,1128942,"9757 NE JUANITA DR #300, KIRKLAND, WA, 98034, UNITED STATES",False,False,False,
555,GREENWOOD WINCHESTER APARTMENTS LLC,GREENWOOD WINCHESTER APARTMENTS LLC,603 392 627,210647,"4115 ROOSEVELT WAY NE, SEATTLE, WA, 98105-6494, UNITED STATES",False,False,False,
556,GREENWOOD VISTA LLC,"GREENWOOD VISTA, LLC",604 117 034,706437,"226 SUMMIT AVE. EAST, SEATTLE, WA, 98102, UNITED STATES",False,False,False,
557,OLYMPIC VIEW APARTMENTS LLC,OLYMPIC VIEW APARTMENTS LLC,603 471 206,381581,"1109 1ST AVE, SUITE 210, SEATTLE, WA, 98101-2961, UNITED STATES",False,False,False,
558,OLYMPIC VIEW APARTMENTS LLC,OLYMPIC VIEW APARTMENTS I LLC,602 693 093,381580,,False,False,False,
559,OLYMPIC VIEW APARTMENTS LLC,OLYMPIC VIEW APARTMENTS I LLC,601 233 009,865004,"7505 SE 28TH #001, MERCER ISLAND, WA, 98040, UNITED STATES",False,False,False,
560,OLYMPIC VIEW APARTMENTS LLC,"OLYMPIC VIEW APARTMENTS, LLC",604 970 444,1596118,"5906 KIRKWOOD PL N, SEATTLE, WA, 98103-5705, UNITED STATES",False,False,False,
561,COUCH INVESTMENTS II LLC,COUCH INVESTMENTS II LLC,603 180 743,122528,"650 OXFORD STEET, SUITE 3, PALO ALTO, WA, 94306, UNITED STATES",False,False,False,
562,COUCH INVESTMENTS II LLC,COUCH INVESTMENTS III LLC,603 205 837,619899,"560 OXFORD AVE #3, PALO ALTO, CA, 94306, UNITED STATES",False,False,False,
563,TRISTAR PROPERTIES LLC,"TRISTAR PROPERTIES, LLC",602 746 036,999469,"413 WILDCAT ST SE, LACEY, WA, 98503, UNITED STATES",False,False,False,
564,TRISTAR PROPERTIES LLC,"TRISTAR PROPERTIES, LLC",604 085 731,494688,"605 WENDELL DR., CAMPBELL, CA, 95008, UNITED STATES",False,False,False,
